Formula,Ehull
AgAl2Se4,0.0
AgAu2Se4,3.4033980412300657
AgB2Se4,0.0
AgBi2Se4,0.0
AgCe2Se4,0.0
AgCo2Se4,3.37719835923901
AgCu2Se4,0.10457199169616738
AgDy2Se4,0.9697212060640164
AgEr2Se4,4.660192182465352
AgGa2Se4,2.0599336354845095
AgGd2Se4,0.0
AgHo2Se4,0.0
AgIn2Se4,0.030572534195389522
AgIr2Se4,4.375875404592984
AgLa2Se4,0.08333645344408058
AgLu2Se4,3.211964224809443
AgMn2Se4,0.0
AgMo2Se4,0.30835497207397466
AgNd2Se4,0.05150747233464337
AgNi2Se4,3.0362593568389276
AgOs2Se4,4.056185753737795
AgP2Se4,0.0
AgPb2Se4,0.0
AgPd2Se4,3.077364857658753
AgPt2Se4,1.3736366478197333
AgRh2Se4,0.0
AgRu2Se4,4.339115459438003
AgSi2Se4,0.0
AgSm2Se4,7.131117869110203
AgSr2Se4,3.6372723795708866
AgTa2Se4,7.735152804585081
AgTc2Se4,0.0
AgTe2Se4,0.050521088710490325
AgTi2Se4,0.540674390645516
AgTm2Se4,0.0
AgV2Se4,4.864820138181988
AgW2Se4,7.553003717614856
AgZn2Se4,1.4930708202911795
AlAu2Se4,3.307653144557131
AlBi2Se4,0.0907005411227404
AlCo2Se4,0.0
AlCu2Se4,0.14071655440938757
AlDy2Se4,6.930788793605193
AlEr2Se4,4.730671541132381
AlFe2Se4,1.3381738519286355
AlGa2Se4,2.337844499340734
AlGd2Se4,0.03712994717865925
AlGe2Se4,0.5841528733643284
AlHo2Se4,3.915861366529268
AlIn2Se4,0.07072338812013435
AlIr2Se4,0.1331995205482217
AlLa2Se4,2.91188185313722
AlLu2Se4,0.03600909468706792
AlNb2Se4,0.0
AlNd2Se4,0.0841463928850894
AlPb2Se4,0.0
AlPd2Se4,0.0269147550705382
AlPt2Se4,0.0
AlRh2Se4,0.0
AlRu2Se4,0.13761189329926093
AlSc2Se4,0.0
AlSm2Se4,0.0709307173243463
AlTb2Se4,3.7672595151529005
AlTi2Se4,0.0
AlW2Se4,0.4188510471636695
AlYb2Se4,error
AlZn2Se4,0.0
AlZr2Se4,0.12987486015474925
AsAs2Se4,0.15153783033077062
AsAu2Se4,0.17191308345168643
AsBa2Se4,0.21198460179377054
AsBi2Se4,0.17156286055310055
AsCa2Se4,0.0
AsCo2Se4,0.10337765665786147
AsCr2Se4,0.11273896910467851
AsCu2Se4,0.08088853652013528
AsFe2Se4,0.2002339603235619
AsGa2Se4,0.21715743979206392
AsHg2Se4,0.18380021263205615
AsIn2Se4,0.16349751785610334
AsMn2Se4,0.07482801573248565
AsMo2Se4,0.578753627380217
AsNd2Se4,6.108486885029324
AsNi2Se4,0.08132764284916227
AsOs2Se4,0.09932995675083678
AsPb2Se4,1.369086865303541
AsPd2Se4,0.07037368052218795
AsRu2Se4,0.193888511204654
AsTb2Se4,0.0
AsTc2Se4,0.0
AsTe2Se4,7.42962617283838
AsV2Se4,0.24275292575810248
AsW2Se4,0.6259615272216488
AsYb2Se4,error
AsZn2Se4,0.1911347655522313
AuAg2Se4,0.0
AuAu2Se4,0.0
AuB2Se4,0.0
AuBi2Se4,0.08589262654208119
AuCd2Se4,0.0
AuCe2Se4,0.1808157278965279
AuCo2Se4,0.04558446197383059
AuCr2Se4,0.07278201295794062
AuCu2Se4,0.1381870304282482
AuDy2Se4,5.509235267042955
AuEu2Se4,0.23559799938752946
AuFe2Se4,0.0
AuGa2Se4,0.16999191732043561
AuGd2Se4,0.10190701153902548
AuHg2Se4,0.29457182491460854
AuHo2Se4,0.09767435980769168
AuIn2Se4,0.09065042994669392
AuIr2Se4,0.0
AuLu2Se4,0.0
AuMo2Se4,0.27359612381748466
AuNb2Se4,0.0
AuNd2Se4,0.15523999866285187
AuNi2Se4,3.2448228122777434
AuOs2Se4,0.06983958526866285
AuPb2Se4,0.0
AuPd2Se4,3.109702595669187
AuPr2Se4,0.16777772821026105
AuPt2Se4,3.7748473934734292
AuRh2Se4,0.0
AuRu2Se4,0.0
AuSc2Se4,0.0
AuTa2Se4,0.12144152631094673
AuTb2Se4,6.346475660907365
AuTc2Se4,0.0
AuTi2Se4,0.0
AuTl2Se4,0.0
AuTm2Se4,0.09235281256855998
AuV2Se4,0.16624259537755215
AuW2Se4,0.4699701200227304
AuYb2Se4,error
AuZn2Se4,0.0
AuZr2Se4,4.401547613917227
BAu2Se4,2.0852625914922833
BB2Se4,0.0
BBi2Se4,0.16606180021658812
BCo2Se4,0.1368428061581115
BCr2Se4,0.09432380834655962
BCu2Se4,0.1496460796461676
BDy2Se4,0.17452642392233564
BEr2Se4,5.100961014220484
BGa2Se4,1.4563954967072914
BGd2Se4,0.18077452049679898
BHo2Se4,0.1834435699837753
BIn2Se4,0.17160543589918742
BIr2Se4,2.508339766371513
BLa2Se4,0.28996220686916185
BLu2Se4,0.17468023599998705
BMn2Se4,0.07316267852805325
BMo2Se4,2.8256947573547717
BNd2Se4,0.24326695004120946
BNi2Se4,0.12424473675424252
BOs2Se4,0.17864341842032871
BPb2Se4,0.0
BPd2Se4,0.05779875168913584
BPr2Se4,0.26042632134692045
BPt2Se4,0.6260285072046861
BRh2Se4,0.0
BRu2Se4,0.22429556725186117
BSc2Se4,0.0
BSi2Se4,0.0
BSm2Se4,0.23146182860217568
BSr2Se4,6.2652035241199115
BTa2Se4,0.2938618011158667
BTb2Se4,5.99063948399465
BTc2Se4,0.0
BTe2Se4,0.1810911839504752
BTi2Se4,0.0
BTl2Se4,0.0
BTm2Se4,0.17842068878832862
BV2Se4,0.19854189418393098
BW2Se4,0.4209451564496831
BYb2Se4,error
BZn2Se4,1.9658107662195499
BZr2Se4,3.3128954513975017
BaAl2Se4,0.39151048278001443
BaAu2Se4,0.322155374524947
BaB2Se4,3.0057488507530907
BaBi2Se4,0.09474436061891911
BaCo2Se4,0.34320309922993353
BaCu2Se4,2.74264202326798
BaDy2Se4,12.107232694138965
BaEr2Se4,11.18848756928201
BaGa2Se4,0.40801161547352693
BaGd2Se4,0.09929471974276893
BaIn2Se4,0.21197531115164692
BaLa2Se4,3.428855809977906
BaLu2Se4,0.11707617824413674
BaNd2Se4,0.06297263896460681
BaOs2Se4,0.0
BaPb2Se4,0.20402448163654352
BaPd2Se4,0.15562398287759294
BaPr2Se4,8.334135648627273
BaPt2Se4,0.18219092554798344
BaRe2Se4,0.0
BaRh2Se4,0.20206629245778096
BaRu2Se4,0.26491029476418504
BaSb2Se4,0.14436197876717216
BaSc2Se4,0.11378887809980043
BaSi2Se4,0.5251561389145998
BaSm2Se4,0.09935000998352717
BaSn2Se4,0.15086444609952832
BaSr2Se4,9.596387390154092
BaTa2Se4,0.0
BaTc2Se4,0.06539368829277858
BaTe2Se4,0.19171049706859744
BaTl2Se4,0.2680020226651041
BaTm2Se4,0.1261561659264565
BaY2Se4,24.08758087429875
BaZn2Se4,0.33303713532946144
BeAl2Se4,0.0
BeAu2Se4,0.3058727745970522
BeB2Se4,0.49568192224133956
BeBi2Se4,0.08677769237961996
BeCr2Se4,0.03387080404221354
BeCu2Se4,0.19378823990165062
BeDy2Se4,6.017106635761689
BeEr2Se4,5.794550594718304
BeFe2Se4,0.11448137738620634
BeGa2Se4,0.17627315667204924
BeGd2Se4,0.07903178553332069
BeHo2Se4,0.07459080901542858
BeIn2Se4,0.09483101014549167
BeIr2Se4,0.08551592751228387
BeLa2Se4,3.9747330668918295
BeLu2Se4,2.399415195104525
BeMn2Se4,0.0
BeMo2Se4,2.080444984919926
BeNb2Se4,0.0
BeNd2Se4,0.11812823372465608
BeNi2Se4,0.09467026052960126
BeOs2Se4,0.12263630707366424
BeP2Se4,0.509336558229827
BePb2Se4,0.0
BePd2Se4,0.04306715393958793
BePr2Se4,0.13136312402519046
BePt2Se4,0.050104107391558905
BeRe2Se4,3.5735497777183842
BeRh2Se4,2.4980426485876004
BeRu2Se4,0.1593327839656986
BeSc2Se4,1.6285952171869207
BeSm2Se4,0.11892430612496518
BeSn2Se4,0.08373126714126933
BeTb2Se4,5.094949885559437
BeTc2Se4,4.098860772712921
BeTl2Se4,1.4079153343169435
BeTm2Se4,0.06571201919162917
BeV2Se4,0.0
BeW2Se4,0.3140767522061436
BeY2Se4,3.26344320401148
BeYb2Se4,error
BeZn2Se4,1.3267666740056896
BiAu2Se4,0.0
BiBa2Se4,0.08975690132190195
BiBe2Se4,0.28688071400279735
BiBi2Se4,0.17738650310051396
BiCa2Se4,0.12926135499420432
BiCo2Se4,11.407222864003538
BiCr2Se4,0.17272548435802548
BiCu2Se4,0.12823306139457058
BiDy2Se4,0.095429660770038
BiEr2Se4,0.1538851035109392
BiGa2Se4,0.15089129127692713
BiGd2Se4,0.08619307002030396
BiHg2Se4,0.18702303045418
BiHo2Se4,0.10611034779997386
BiIn2Se4,0.09021982454383748
BiLa2Se4,0.12678084977915027
BiLu2Se4,0.09825979094986792
BiMg2Se4,0.10261833835583989
BiMn2Se4,0.009529153702703574
BiMo2Se4,0.30891614840041637
BiNd2Se4,0.11334680016882359
BiOs2Se4,0.1157990047899018
BiPb2Se4,4.5915672614191205
BiPr2Se4,0.11299722563500758
BiPt2Se4,0.032834548267076435
BiRu2Se4,0.11320595568427816
BiSc2Se4,0.09677735250882158
BiSm2Se4,0.11113337837481563
BiSr2Se4,0.122856068460794
BiTb2Se4,0.09779290376364624
BiTi2Se4,10.404685712423117
BiTl2Se4,0.1921466908271916
BiTm2Se4,0.12183686296308416
BiV2Se4,0.14102106552179094
BiW2Se4,0.29538903015998574
BiY2Se4,0.09940512882945729
BiYb2Se4,error
CaAl2Se4,1.9717690760998132
CaAs2Se4,6.457699284596094
CaAu2Se4,1.3317451878743292
CaB2Se4,0.0
CaBi2Se4,0.09721639390152692
CaCo2Se4,0.2704124384901272
CaDy2Se4,6.5426574047008454
CaEr2Se4,5.402396397213016
CaEu2Se4,0.15902766321146
CaFe2Se4,0.0
CaGa2Se4,0.2721717136102808
CaGd2Se4,0.0432468090070941
CaHo2Se4,0.0
CaIn2Se4,0.11217026746768965
CaIr2Se4,3.3893381356468324
CaLa2Se4,4.526960011726921
CaLu2Se4,0.04430926540033209
CaMn2Se4,0.07484106585427419
CaMo2Se4,0.42708836199089895
CaNb2Se4,5.395364762889544
CaNd2Se4,0.06443941033817069
CaNi2Se4,5.111321174975598
CaOs2Se4,0.23124240016716158
CaP2Se4,1.76915237958706
CaPb2Se4,5.8717440351481125
CaPd2Se4,3.616511884419289
CaPr2Se4,5.11736777667442
CaRh2Se4,0.0
CaRu2Se4,0.24710287628873928
CaSb2Se4,0.0
CaSc2Se4,0.0
CaSi2Se4,0.15110565175038904
CaSm2Se4,0.06136277596791473
CaSn2Se4,0.0
CaSr2Se4,7.715086120105516
CaTb2Se4,0.0
CaTc2Se4,4.116503357245881
CaTe2Se4,0.1988342956643212
CaTi2Se4,0.20735647899821075
CaTl2Se4,0.0
CaTm2Se4,0.05102362839710306
CaV2Se4,0.21089167792952956
CaZn2Se4,4.885125282370639
CaZr2Se4,0.1486182155516138
CdAg2Se4,0.0
CdAs2Se4,5.132155818201864
CdAu2Se4,0.0
CdBi2Se4,0.03147055649047781
CdCo2Se4,0.06301909801306849
CdCr2Se4,0.022155461940505106
CdCu2Se4,0.15576981667544665
CdDy2Se4,3.0501484928428937
CdEu2Se4,0.1283776016660072
CdFe2Se4,0.0
CdGa2Se4,0.1609268100695096
CdGd2Se4,0.015111218107706215
CdHo2Se4,0.0
CdIn2Se4,0.05400361827976896
CdIr2Se4,0.05078408439869353
CdLa2Se4,3.5548470844484914
CdMn2Se4,0.0
CdMo2Se4,0.3124256889032937
CdNb2Se4,0.27407513831737784
CdNd2Se4,0.040132321601332954
CdNi2Se4,0.10072877536507985
CdOs2Se4,0.06740238001080545
CdPb2Se4,2.9810290823815557
CdPr2Se4,6.12695773683639
CdPt2Se4,0.0
CdRu2Se4,0.11110800974753943
CdSi2Se4,2.289939806959783
CdSm2Se4,6.5402062340526115
CdSr2Se4,6.698783913048215
CdTa2Se4,0.11576244331364727
CdTb2Se4,0.0
CdTc2Se4,0.0
CdTe2Se4,0.10542807194263393
CdTi2Se4,0.8349511978137318
CdTl2Se4,0.0
CdTm2Se4,0.015782815280063645
CdV2Se4,0.10000810613049449
CdW2Se4,0.44557381539378493
CdY2Se4,0.2553619906283737
CdZn2Se4,2.8637941415033383
CdZr2Se4,0.0
CeAs2Se4,1.2127068640671879
CeAu2Se4,2.078108971171035
CeBi2Se4,0.18694956998401935
CeCd2Se4,0.0
CeCr2Se4,0.0
CeFe2Se4,0.0
CeGe2Se4,0.0
CeHf2Se4,0.0
CeHg2Se4,0.3217461311266687
CeLa2Se4,0.0
CeMg2Se4,2.1462571694064714
CeMn2Se4,0.16778242318773007
CeMo2Se4,4.605482974091641
CeNb2Se4,0.4460848454336279
CeOs2Se4,0.40989570948429765
CePb2Se4,0.18899932685646892
CePt2Se4,0.25415476745351206
CeRh2Se4,0.0
CeRu2Se4,0.1312795709329757
CeSb2Se4,0.0
CeSm2Se4,0.0
CeSn2Se4,0.0
CeTc2Se4,0.24253623240991207
CeTi2Se4,0.0
CeTl2Se4,0.0
CeV2Se4,0.27690803645713036
CoAl2Se4,0.0968988427996118
CoAu2Se4,0.29299393574221666
CoB2Se4,0.0
CoBe2Se4,0.3961431773712185
CoBi2Se4,0.18694894430353237
CoCa2Se4,5.092401519232042
CoCe2Se4,0.0
CoCo2Se4,0.0224673522197536
CoCr2Se4,0.0998828049908882
CoCu2Se4,0.13114796571822485
CoEr2Se4,0.14859460119056322
CoFe2Se4,0.09377929043875088
CoGa2Se4,0.19653600910240332
CoGd2Se4,0.1615381971559522
CoGe2Se4,0.223418949253273
CoHf2Se4,1.9593101058126141
CoHg2Se4,0.3294141046246972
CoHo2Se4,0.15409699827631673
CoIn2Se4,0.1638704466730907
CoIr2Se4,0.09302872277084884
CoLa2Se4,0.2505731075787283
CoLu2Se4,0.13745261298892153
CoMg2Se4,0.2963063875495644
CoMn2Se4,0.031066917630278468
CoMo2Se4,0.3460548446623912
CoNb2Se4,0.0
CoNd2Se4,0.20338508390254084
CoNi2Se4,0.02369947238654735
CoOs2Se4,0.11307335414246555
CoP2Se4,2.3229129073363817
CoPb2Se4,0.24753313137481303
CoPd2Se4,0.07172197041775341
CoPr2Se4,8.169574384660098
CoPt2Se4,0.06855796412228354
CoRh2Se4,1.9632200506610098
CoRu2Se4,0.15122959424004012
CoSc2Se4,0.13382477875761278
CoSi2Se4,0.3832852437728862
CoSm2Se4,0.19922997471320691
CoSn2Se4,0.15976449189849706
CoSr2Se4,0.4127064540644074
CoTb2Se4,0.16360933112086418
CoTc2Se4,0.0
CoTe2Se4,0.23663764790006203
CoTi2Se4,0.0
CoTl2Se4,0.3069971621912648
CoTm2Se4,0.1425015532420426
CoV2Se4,3.1428114738074933
CoW2Se4,0.34792453550149904
CoY2Se4,3.6028884301261397
CoYb2Se4,error
CoZn2Se4,0.3384033278916614
CoZr2Se4,0.1580592241430372
CrAg2Se4,0.0
CrAl2Se4,0.0
CrAu2Se4,6.3520343073654395
CrB2Se4,0.0
CrBa2Se4,0.23684244196669813
CrBe2Se4,0.0
CrBi2Se4,0.14084640145033145
CrCa2Se4,3.7141647952408507
CrCd2Se4,0.0
CrCo2Se4,0.0
CrCr2Se4,0.05482441534757054
CrCs2Se4,5.366445957634835
CrCu2Se4,0.20107736653422936
CrDy2Se4,5.737141073452229
CrEr2Se4,4.751252863760637
CrEu2Se4,0.19789623411229762
CrGa2Se4,0.22686094667065237
CrGd2Se4,0.1494414948735674
CrH2Se4,0.8241361582282467
CrHg2Se4,0.24959962932788882
CrIn2Se4,0.1399081211855311
CrK2Se4,5.138139223686362
CrLa2Se4,4.221864708338532
CrLi2Se4,1.91670819891328
CrLu2Se4,0.13895514369327433
CrMg2Se4,3.556973680908274
CrMn2Se4,0.07121108189881564
CrMo2Se4,3.8798136547168878
CrNb2Se4,0.0
CrNd2Se4,0.18500110856157725
CrNi2Se4,0.14767673909292522
CrOs2Se4,0.24842748578519736
CrPb2Se4,1.1897696932787771
CrPd2Se4,0.12930157225849825
CrPt2Se4,0.12637548194800274
CrRu2Se4,0.2392716723713626
CrSi2Se4,0.0
CrSm2Se4,0.18038175553041658
CrSr2Se4,0.16152929251112536
CrTa2Se4,0.4277140643930615
CrTc2Se4,0.012340214303603325
CrTe2Se4,0.21565847165270036
CrTm2Se4,0.15366523149963562
CrV2Se4,0.15550750755976495
CrW2Se4,0.45082434533954974
CrYb2Se4,error
CrZn2Se4,2.9091163985433237
CrZr2Se4,3.5280490925077053
CsAu2Se4,0.029889784359461213
CsBi2Se4,0.10443179223603938
CsCo2Se4,0.306064880550621
CsCu2Se4,1.9767453082924886
CsEr2Se4,0.12005332184413753
CsFe2Se4,2.2108822896508786
CsGd2Se4,0.023376230544012166
CsIr2Se4,0.17217626126881047
CsMn2Se4,0.16434073219478673
CsMo2Se4,0.52901848455181
CsNd2Se4,0.022621519587715966
CsPb2Se4,0.2613523888909919
CsPd2Se4,5.661060961707248
CsPr2Se4,9.486557002768636
CsPt2Se4,0.1822093680352408
CsRh2Se4,0.0
CsRu2Se4,0.19764528664420578
CsSb2Se4,0.0
CsSi2Se4,0.13027485497799773
CsSm2Se4,0.08760078754567147
CsSn2Se4,0.0401387556421029
CsTc2Se4,0.03563397354783415
CsTe2Se4,0.022959473418091125
CsTi2Se4,0.26725173959517523
CuAl2Se4,0.011639496901540092
CuAu2Se4,0.19596791578394956
CuB2Se4,0.33014650423437697
CuBa2Se4,0.3620079684955586
CuBe2Se4,0.3333437170693414
CuBi2Se4,0.021580356554122826
CuCa2Se4,0.35509461524096153
CuCd2Se4,4.049487473458808
CuCe2Se4,0.09728678842849536
CuCo2Se4,0.0
CuCr2Se4,0.024176538509334655
CuCu2Se4,0.09279070740923068
CuDy2Se4,0.020597923712044164
CuEr2Se4,0.019841572220454573
CuEu2Se4,0.22350082036322938
CuFe2Se4,0.03597674484378999
CuGa2Se4,0.12712731304067448
CuGd2Se4,0.034805861629791046
CuGe2Se4,0.0668614839332129
CuHg2Se4,0.2741655911150924
CuHo2Se4,0.01665352957653088
CuIn2Se4,0.04773764278099568
CuIr2Se4,0.013630042716948232
CuLa2Se4,0.1419264450361295
CuLu2Se4,0.0121002887003554
CuMg2Se4,3.7732228226294553
CuMn2Se4,0.0
CuMo2Se4,0.26544930828679636
CuNd2Se4,0.09900183022687692
CuNi2Se4,0.0
CuOs2Se4,0.001250091234757278
CuP2Se4,0.14583055064967532
CuPb2Se4,0.2825620207069166
CuPd2Se4,0.0
CuPr2Se4,0.1097848848705878
CuPt2Se4,0.0
CuRe2Se4,0.0
CuRh2Se4,0.0
CuRu2Se4,0.07869547447898473
CuSc2Se4,0.010012980669954707
CuSi2Se4,0.19958481225160174
CuSm2Se4,0.07966236635688784
CuSn2Se4,0.0
CuSr2Se4,0.35771568720119173
CuTa2Se4,0.1540158061677417
CuTb2Se4,0.028106561053865775
CuTc2Se4,0.0
CuTe2Se4,0.07470818881534003
CuTi2Se4,0.0
CuTl2Se4,0.2308393061901559
CuTm2Se4,0.002900503135951915
CuV2Se4,0.0710334920958493
CuW2Se4,0.28325341542081084
CuY2Se4,0.03288939103094979
CuYb2Se4,error
CuZn2Se4,0.24022541044264045
CuZr2Se4,4.161838726871948
DyAs2Se4,3.8425017959015033
DyAu2Se4,0.0
DyB2Se4,0.0
DyBa2Se4,0.1867306969803133
DyBe2Se4,0.5343579299727752
DyBi2Se4,0.19059278384678358
DyCd2Se4,6.027783062573162
DyCo2Se4,0.32615629067911556
DyCr2Se4,0.18926653835597573
DyCu2Se4,0.10868091930078627
DyGa2Se4,0.29367211195512777
DyGd2Se4,0.05118642243554383
DyHg2Se4,0.31674257759882174
DyLa2Se4,0.0
DyMg2Se4,2.1316592357919006
DyMn2Se4,0.10794077858107975
DyMo2Se4,0.4845803015905208
DyNb2Se4,0.4432320162011143
DyNd2Se4,0.08089114865725833
DyNi2Se4,0.35759197042329216
DyOs2Se4,0.36984791258815
DyPb2Se4,0.17925061672482734
DyPr2Se4,3.2372999022581816
DyPt2Se4,0.1979044997930659
DyRu2Se4,0.3160240739875695
DySc2Se4,6.184556676876026
DySm2Se4,0.07114845143948756
DySr2Se4,8.018519068884524
DyTa2Se4,0.0
DyTb2Se4,9.38128614375689
DyTc2Se4,0.1523111461331519
DyTm2Se4,0.06758121745338386
DyV2Se4,0.24360219333543487
DyYb2Se4,error
DyZn2Se4,3.0344353157973503
ErAg2Se4,0.0
ErAl2Se4,0.16181115323662798
ErAs2Se4,0.31863685120602003
ErAu2Se4,0.3778810890874733
ErB2Se4,0.0270043098839583
ErBa2Se4,0.18453091704741098
ErBe2Se4,0.5366951832613234
ErCa2Se4,0.1190341145486089
ErCd2Se4,5.69110612234742
ErCe2Se4,0.0
ErCo2Se4,0.3245293065023134
ErCr2Se4,0.18439056935950404
ErCu2Se4,0.9428042479831693
ErDy2Se4,7.338235359368776
ErEr2Se4,0.025270524680981232
ErFe2Se4,2.8021324985099487
ErGa2Se4,0.2895246270202323
ErGd2Se4,0.04598577008526661
ErGe2Se4,0.23420452691500326
ErHg2Se4,0.3110031357519838
ErHo2Se4,0.033184858642481885
ErIr2Se4,0.3302780514824377
ErLa2Se4,4.853138964139058
ErLu2Se4,0.010669688136979438
ErMg2Se4,3.503484236124655
ErMn2Se4,0.11103916164572425
ErMo2Se4,5.21314260528356
ErNb2Se4,0.4457966929473338
ErNd2Se4,0.07616291492499627
ErNi2Se4,0.360904238622072
ErOs2Se4,0.3834817413541671
ErP2Se4,0.01964755149465436
ErPb2Se4,0.16952840424402638
ErPd2Se4,0.21206937201126408
ErPr2Se4,0.08823935551252315
ErPt2Se4,0.20402401380762925
ErRh2Se4,0.0
ErRu2Se4,0.3289266209908419
ErSc2Se4,0.05620202663312224
ErSi2Se4,4.3132600822266784
ErSm2Se4,0.06709357094238566
ErSn2Se4,0.18551110074873645
ErSr2Se4,0.15769392602154664
ErTb2Se4,0.039827515342070186
ErTc2Se4,0.14604999509331495
ErTe2Se4,0.29883590638634105
ErTl2Se4,0.2754486240932503
ErV2Se4,0.24616666147149413
ErY2Se4,0.028396395052873835
ErZn2Se4,2.4686190041405576
ErZr2Se4,0.26904989709365434
EuAu2Se4,0.3183631043365045
EuB2Se4,0.0
EuBi2Se4,26.700013218364237
EuCa2Se4,0.0
EuCd2Se4,0.2855423382881259
EuCe2Se4,0.0
EuFe2Se4,0.3430382641808425
EuH2Se4,0.0798644365632919
EuHg2Se4,0.3167774267820098
EuK2Se4,0.5447828241093857
EuLa2Se4,18.132920900343557
EuLi2Se4,0.5327577852793874
EuMg2Se4,0.26455299852842273
EuMn2Se4,0.08586230806287176
EuNb2Se4,0.16083999497319112
EuNd2Se4,0.0
EuP2Se4,1.6878586732425305
EuPb2Se4,0.19090387733593595
EuPd2Se4,0.15084799370286817
EuPt2Se4,4.1452245752526915
EuRb2Se4,0.5361519540913653
EuRh2Se4,0.0
EuRu2Se4,0.25886592509384343
EuSc2Se4,11.73325697769759
EuSm2Se4,17.254209253327204
EuSn2Se4,0.12596676141843854
EuTi2Se4,2.4447557521911687
EuTl2Se4,1.7061002529662344
EuYb2Se4,error
EuZn2Se4,0.30808304773765727
FeAu2Se4,0.0
FeB2Se4,0.0
FeBe2Se4,0.377173239318795
FeBi2Se4,0.1416862998188808
FeCa2Se4,3.8523726898668156
FeCe2Se4,0.0
FeCo2Se4,0.06828389965764003
FeCs2Se4,6.8159131676827265
FeCu2Se4,0.14053892883016417
FeDy2Se4,5.439286165748797
FeEr2Se4,0.13721328432995783
FeFe2Se4,0.0
FeGa2Se4,2.451252524509905
FeGd2Se4,0.1408122255681068
FeGe2Se4,0.0
FeHg2Se4,0.2780541891722934
FeHo2Se4,0.14073410261893482
FeIn2Se4,0.13166281140058977
FeK2Se4,6.319811806196002
FeLa2Se4,5.594931141688386
FeLu2Se4,0.1287442950146298
FeMg2Se4,3.1658880115609302
FeMn2Se4,0.0619140305345125
FeNa2Se4,1.8892459886085016
FeNb2Se4,0.0
FeNd2Se4,0.17475366732925934
FeNi2Se4,0.05245841781116489
FeOs2Se4,0.0
FePb2Se4,0.0
FePt2Se4,1.7421245602153341
FeRh2Se4,1.6771799373653993
FeRu2Se4,0.14250417415035788
FeSb2Se4,0.0
FeSc2Se4,0.0
FeSm2Se4,0.172543188280593
FeSn2Se4,0.12732014375425038
FeSr2Se4,7.714687678186435
FeTb2Se4,0.15226254640673442
FeTe2Se4,0.0
FeTi2Se4,0.0
FeTl2Se4,0.24064804569077491
FeTm2Se4,0.13322208569937555
FeW2Se4,0.3829692976424077
FeY2Se4,5.139294391659455
FeZn2Se4,0.0
FeZr2Se4,3.1457617137489913
GaAl2Se4,0.05814941702169474
GaAs2Se4,0.1356337231995135
GaAu2Se4,0.1907636725904891
GaB2Se4,0.0
GaBa2Se4,0.1638387698677155
GaBe2Se4,0.2731107396902881
GaBi2Se4,0.07338574024629496
GaCa2Se4,0.12450512932777524
GaCd2Se4,0.15284484272118082
GaCo2Se4,0.03279374297922555
GaCr2Se4,0.011184218183971417
GaCu2Se4,0.11357883340620223
GaDy2Se4,0.07620541269119752
GaEr2Se4,0.09136020443733273
GaEu2Se4,0.09178824378843942
GaFe2Se4,0.0935823285958044
GaGa2Se4,0.12937643932509602
GaGd2Se4,0.08042291435727034
GaGe2Se4,0.09130483115115773
GaHg2Se4,0.19405714807842145
GaHo2Se4,0.08865911399725501
GaIn2Se4,0.06686768663281217
GaIr2Se4,0.06279056412009787
GaLa2Se4,0.13451094528495577
GaLu2Se4,0.07509220710417175
GaMg2Se4,4.1836447384507816
GaMn2Se4,0.0
GaMo2Se4,0.32085792434072236
GaNb2Se4,0.0
GaNd2Se4,0.11352668350502526
GaNi2Se4,0.06451552381595071
GaOs2Se4,0.07805515892666737
GaP2Se4,0.2554219021575963
GaPd2Se4,0.0
GaPr2Se4,0.1270684281492711
GaPt2Se4,0.017454815249079658
GaRh2Se4,0.02535159250474006
GaRu2Se4,0.08294447917587444
GaSb2Se4,0.06072053435681868
GaSc2Se4,0.06405855216990552
GaSi2Se4,0.31459646454918655
GaSm2Se4,0.11104110025648772
GaSn2Se4,0.06240632708437044
GaSr2Se4,0.13405724435532385
GaTb2Se4,0.08500018499014939
GaTc2Se4,0.0
GaTe2Se4,0.12132760051439062
GaTl2Se4,0.18373417512342405
GaTm2Se4,0.09041894422787777
GaV2Se4,0.07725552397273727
GaW2Se4,0.4189348818668073
GaY2Se4,0.08869944521978468
GaYb2Se4,error
GaZn2Se4,0.16643512871041155
GaZr2Se4,0.14386494935521998
GdAg2Se4,0.0
GdAl2Se4,0.17765597130338406
GdAu2Se4,0.371053972443657
GdB2Se4,5.145854086143058
GdBa2Se4,0.1838481699244996
GdBe2Se4,0.5331063322008349
GdBi2Se4,0.17272852354206947
GdCa2Se4,0.18242634384008571
GdCd2Se4,0.26589342747307665
GdCe2Se4,0.0
GdCo2Se4,0.34087609780763284
GdCr2Se4,0.18853872059002974
GdCu2Se4,2.2528930379094647
GdDy2Se4,0.015591358015389467
GdEr2Se4,0.05052085005889584
GdEu2Se4,14.257225139160004
GdGa2Se4,0.29703792986750344
GdGd2Se4,0.03179214685557952
GdHg2Se4,0.3116625921025973
GdHo2Se4,0.05143485015969951
GdIr2Se4,0.3228282471917119
GdLa2Se4,0.0752502337945753
GdLu2Se4,0.04018943358943172
GdMg2Se4,0.23563328490422375
GdMn2Se4,0.11324983916093156
GdMo2Se4,0.4845105416607014
GdNb2Se4,0.44405011418950036
GdNd2Se4,0.05830449637731405
GdNi2Se4,0.3723961393110917
GdOs2Se4,0.36105340221902793
GdP2Se4,0.0
GdPb2Se4,0.17665718473291392
GdPd2Se4,0.20531550035606472
GdPr2Se4,0.07096073082385157
GdPt2Se4,0.20104017928981044
GdRh2Se4,6.788313478006126
GdRu2Se4,0.31019172324195043
GdSc2Se4,0.05855654628277307
GdSi2Se4,0.5271939873513549
GdSm2Se4,0.05847213300847276
GdSn2Se4,0.18434880725805858
GdSr2Se4,0.1611246249111895
GdTb2Se4,0.04094592374221939
GdTc2Se4,0.15116908770789905
GdTe2Se4,0.3025945526030256
GdTi2Se4,0.6298582267897768
GdTl2Se4,0.2767008880141377
GdTm2Se4,0.06590355471294629
GdV2Se4,0.0
GdY2Se4,0.04050768602890287
GdYb2Se4,error
GdZn2Se4,0.3230361765194143
GdZr2Se4,0.2528485501665072
GeAu2Se4,3.376885795639939
GeB2Se4,0.0
GeBa2Se4,0.18658542035400494
GeBi2Se4,0.10067628477830048
GeCa2Se4,3.547312126666224
GeCo2Se4,0.06293955512559624
GeCr2Se4,2.7702702489417264
GeCu2Se4,0.0864910241619059
GeDy2Se4,5.614157250228466
GeEr2Se4,4.803168823797977
GeFe2Se4,0.7307522515964937
GeGa2Se4,0.15254137380789867
GeGd2Se4,0.13759424060314185
GeHg2Se4,0.15568403938511333
GeHo2Se4,6.36156043800512
GeIn2Se4,0.09408193828616351
GeIr2Se4,0.1299770090420509
GeLa2Se4,1.5570628320698283
GeLu2Se4,0.12594926783700355
GeMg2Se4,3.796105639412406
GeMn2Se4,0.0
GeMo2Se4,0.4330591448204837
GeNb2Se4,0.0
GeNd2Se4,0.17731845732072227
GeNi2Se4,0.05487303343980443
GeOs2Se4,0.04149332096283587
GePb2Se4,0.0
GePd2Se4,0.022152677296783274
GePt2Se4,2.2977427395261003
GeRh2Se4,0.0
GeRu2Se4,0.12583368504198145
GeSi2Se4,0.0
GeSm2Se4,0.16633861298233832
GeSr2Se4,3.897457773911075
GeTa2Se4,0.42248953692922075
GeTc2Se4,0.0
GeTe2Se4,0.11367969657653809
GeTi2Se4,0.0
GeTl2Se4,1.7786745393646164
GeTm2Se4,0.14376087553979122
GeV2Se4,0.1387145011163291
GeW2Se4,0.5117688839790961
GeYb2Se4,error
GeZn2Se4,1.8768661141733016
HAs2Se4,0.2274950401455076
HAu2Se4,0.39327220310422684
HBi2Se4,0.2568711531510548
HCo2Se4,0.21045167081436666
HCr2Se4,0.18100843440427283
HCu2Se4,0.33418384114851385
HDy2Se4,6.197362211546245
HEr2Se4,0.07329012582477823
HFe2Se4,0.3094721369964244
HGa2Se4,0.3490839068366558
HGd2Se4,8.010457667569968
HGe2Se4,0.2992543370584966
HIr2Se4,0.2118402255763847
HMn2Se4,0.10666032942431691
HMo2Se4,0.43628656675051225
HNb2Se4,0.0
HNd2Se4,0.14681216162136312
HNi2Se4,0.18847040826235872
HOs2Se4,0.20444540515892928
HP2Se4,0.2915298307834635
HPd2Se4,0.15729304000559985
HPr2Se4,0.14407662610463934
HPt2Se4,0.19851752066823813
HRe2Se4,0.31316573256626157
HRh2Se4,2.4206227950892982
HRu2Se4,0.27082418290274113
HSi2Se4,0.38497054019102794
HSm2Se4,0.14149316398581835
HSn2Se4,0.20255120685668482
HTc2Se4,0.0
HTe2Se4,0.25943211067967953
HV2Se4,0.2341872818243207
HW2Se4,0.4108801540401288
HYb2Se4,error
HZn2Se4,0.529348781876692
HfAs2Se4,5.349860429861212
HfAu2Se4,0.0
HfBa2Se4,14.380201388827164
HfBe2Se4,2.8495181245906847
HfBi2Se4,0.20011549847673038
HfCa2Se4,3.9958867567307674
HfCe2Se4,0.0
HfCo2Se4,0.27970725863352897
HfCr2Se4,2.9742349740698586
HfDy2Se4,0.0
HfEr2Se4,0.0
HfFe2Se4,0.0
HfGa2Se4,0.27910187629167016
HfGd2Se4,0.07970584869070763
HfHg2Se4,0.24567802904839509
HfHo2Se4,0.0
HfIn2Se4,0.1845260760766667
HfIr2Se4,0.3402713134063102
HfLa2Se4,0.0
HfLu2Se4,0.09921736939777048
HfMg2Se4,1.9547734734149715
HfMn2Se4,0.1324598080602124
HfNb2Se4,0.0
HfNd2Se4,0.0
HfNi2Se4,0.2927474368416325
HfOs2Se4,0.42538199977850244
HfPb2Se4,4.696641296337497
HfPd2Se4,2.83377600743962
HfPr2Se4,0.0
HfPt2Se4,0.2251612381884298
HfRu2Se4,0.3432067504431595
HfSb2Se4,0.0
HfSc2Se4,0.0
HfSi2Se4,0.0
HfSm2Se4,0.115044408204799
HfSr2Se4,0.0
HfTb2Se4,0.0
HfTc2Se4,0.23122078955384584
HfTe2Se4,0.28796071606031415
HfTi2Se4,1.5107601943892277
HfV2Se4,0.2554317510887252
HfW2Se4,0.7020332560026272
HfZn2Se4,1.673549686638693
HgAg2Se4,0.0
HgAs2Se4,0.0
HgAu2Se4,6.779960490932044
HgB2Se4,0.4114073424174949
HgBi2Se4,0.020978388390879843
HgCo2Se4,5.242405964730262
HgCr2Se4,6.599816030255386
HgCu2Se4,7.068347889379019
HgDy2Se4,6.46891178656354
HgEr2Se4,0.013598908673484011
HgEu2Se4,0.11719294104636191
HgFe2Se4,5.679001358798922
HgGa2Se4,0.14902871667716466
HgGd2Se4,0.004956672767777448
HgGe2Se4,5.821921284419467
HgHf2Se4,0.0
HgHo2Se4,0.00651353702916424
HgIn2Se4,0.05187091607780525
HgIr2Se4,5.358781154614511
HgLa2Se4,6.607911262944022
HgLu2Se4,8.151404686378037
HgMn2Se4,8.706129003545342
HgMo2Se4,8.877052049460117
HgNd2Se4,0.033766778926055174
HgNi2Se4,0.03429050779609755
HgOs2Se4,0.0045786155926546
HgPb2Se4,0.14319209255949295
HgPd2Se4,5.598195101167489
HgPr2Se4,9.498113087291289
HgPt2Se4,4.497803301486063
HgRh2Se4,4.9022966262388215
HgRu2Se4,0.09704134820449273
HgSb2Se4,8.68490766450479
HgSc2Se4,4.654076271873047
HgSi2Se4,0.2811341394347111
HgSm2Se4,0.028546841441402293
HgSn2Se4,0.008593370771037279
HgSr2Se4,0.2099848309850718
HgTb2Se4,0.0032918745060275256
HgTc2Se4,0.0
HgTi2Se4,1.9594178237310844
HgTl2Se4,0.18486082812170457
HgTm2Se4,0.007982357559421338
HgV2Se4,9.157940504037649
HgW2Se4,0.47064468692227024
HgY2Se4,0.0124311984650598
HgYb2Se4,error
HgZn2Se4,0.1845058898637184
HgZr2Se4,5.208597590372574
HoAs2Se4,0.3212572578574626
HoB2Se4,0.0
HoCo2Se4,0.333878041775157
HoCr2Se4,0.1919097207946594
HoCu2Se4,0.575431851199482
HoDy2Se4,8.043154580420637
HoEr2Se4,0.03825649788256413
HoGa2Se4,0.29512042912703773
HoGd2Se4,0.05261937080141266
HoLa2Se4,4.8253568248514345
HoLu2Se4,0.02359854120396143
HoMn2Se4,0.115360813562984
HoMo2Se4,0.4867573732743651
HoNd2Se4,0.08252834819599197
HoNi2Se4,0.367760121393224
HoOs2Se4,0.37599831837277353
HoPb2Se4,0.17000412215467975
HoPt2Se4,0.20276923486028764
HoRu2Se4,0.3226175782978924
HoSc2Se4,0.061243550229484356
HoSi2Se4,0.5297912590140301
HoSm2Se4,0.0732565034988868
HoSn2Se4,0.19014524783312847
HoSr2Se4,0.14986735636891435
HoTa2Se4,0.0
HoTb2Se4,14.416941097363342
HoTl2Se4,0.2756207516005671
HoV2Se4,3.1896126759851806
HoZn2Se4,4.86019688244537
HoZr2Se4,0.24686719969169513
InAg2Se4,0.16323394316343398
InAl2Se4,0.038469398106903085
InAu2Se4,0.16745743572521388
InB2Se4,0.5325115500983326
InCo2Se4,0.03406292025286106
InCr2Se4,0.0
InCu2Se4,0.12467477010991646
InDy2Se4,0.04158950292305619
InEu2Se4,0.04919768027552163
InFe2Se4,0.11300514091326885
InGa2Se4,0.12464678508257032
InGd2Se4,0.041934507095176876
InGe2Se4,0.07386728488125005
InHo2Se4,7.916731864308192
InIn2Se4,0.034032533633590045
InIr2Se4,0.051778901340020944
InLa2Se4,7.3774239998636775
InLu2Se4,0.042608849224786915
InMn2Se4,0.0
InMo2Se4,0.30816035497713834
InNb2Se4,0.0
InNd2Se4,8.971986428291512
InNi2Se4,0.07612427046606918
InOs2Se4,0.07163482050153647
InP2Se4,3.8199504316706285
InPb2Se4,0.07436969803607418
InPd2Se4,0.0
InPr2Se4,0.0780664792722412
InPt2Se4,0.0
InRh2Se4,0.0
InRu2Se4,0.07934307703822707
InSb2Se4,0.03704037251168657
InSc2Se4,5.2486796432706155
InSm2Se4,6.283494744300213
InSn2Se4,0.04039473402473348
InSr2Se4,0.10495191491768185
InTa2Se4,5.7583052995843245
InTb2Se4,0.04544472845165526
InTc2Se4,0.0
InTl2Se4,0.15964695125690742
InTm2Se4,0.060613470970624306
InV2Se4,0.06192123235014524
InW2Se4,0.4524725405495884
InY2Se4,0.05034043705175417
InYb2Se4,error
InZn2Se4,0.15404087685272927
InZr2Se4,4.648498405114015
IrAu2Se4,5.595302614580396
IrB2Se4,0.0
IrBa2Se4,0.39963652881500256
IrBe2Se4,0.44287232348942673
IrBi2Se4,0.27986000203769645
IrCa2Se4,4.164002475440836
IrCd2Se4,0.0
IrCo2Se4,0.15261232057713148
IrCr2Se4,0.25938795274445337
IrCu2Se4,0.21133120617862744
IrDy2Se4,5.589909577634575
IrEr2Se4,0.3375442400524653
IrGa2Se4,0.292647385902403
IrGd2Se4,0.3210154674344068
IrH2Se4,0.8681868550241707
IrHg2Se4,0.3672235463427489
IrHo2Se4,0.3358249369754125
IrIn2Se4,0.27369900559321536
IrIr2Se4,3.444629593052347
IrK2Se4,4.212726429519209
IrLa2Se4,0.3854618973470849
IrLi2Se4,1.8515694953850161
IrLu2Se4,0.0
IrMg2Se4,4.026460727007118
IrMn2Se4,0.17195401831645185
IrMo2Se4,0.6012066728329044
IrNa2Se4,1.999135563976504
IrNb2Se4,0.0
IrNd2Se4,0.358927385611139
IrNi2Se4,0.17131290847798386
IrOs2Se4,0.2493324704510016
IrPb2Se4,0.0
IrPd2Se4,3.3611970238414104
IrPr2Se4,0.37915454986887553
IrPt2Se4,3.7957051496194603
IrRb2Se4,4.638650378201394
IrRu2Se4,0.2500807147629889
IrSc2Se4,0.28579026619407344
IrSm2Se4,0.35609265930815237
IrSr2Se4,6.965728832954886
IrTa2Se4,0.5551156129240571
IrTc2Se4,0.11265757862079973
IrTe2Se4,0.06965898871742571
IrTm2Se4,0.33482020634903353
IrV2Se4,0.3364136070373869
IrW2Se4,0.6563679020579185
IrYb2Se4,error
IrZn2Se4,2.99067100885693
IrZr2Se4,4.408782447578087
KAs2Se4,5.0923683673881355
KCo2Se4,0.19910083976304183
KCr2Se4,0.14114615464020552
KDy2Se4,6.017465863932397
KEr2Se4,5.958337632471486
KFe2Se4,0.3691405849268561
KGa2Se4,3.3767867166045336
KGd2Se4,0.0
KLa2Se4,8.005045228551662
KMn2Se4,0.07384351996638738
KNd2Se4,0.0
KNi2Se4,2.9521640486419756
KOs2Se4,3.0044689630270573
KPb2Se4,0.234793370608251
KPr2Se4,6.90503089861077
KPt2Se4,1.2583222555768834
KRh2Se4,0.0
KRu2Se4,0.14718710961336967
KSb2Se4,0.0
KSi2Se4,2.8494482712293934
KSm2Se4,0.0667091982644239
KV2Se4,0.20097455972367584
KW2Se4,0.536770178569407
KZn2Se4,4.0093886239945205
LaAu2Se4,0.0
LaB2Se4,1.0082269260266372
LaBa2Se4,4.791021118859884
LaBe2Se4,0.5775177258384323
LaCa2Se4,3.964350075755391
LaCd2Se4,3.7447016498578014
LaCe2Se4,0.0
LaCo2Se4,0.3859095596302424
LaCr2Se4,0.24507311671275023
LaCu2Se4,2.6036082903099182
LaDy2Se4,5.913648603998835
LaEr2Se4,3.6700777145187486
LaGa2Se4,3.8460243432371573
LaGd2Se4,0.048272544838999565
LaHf2Se4,0.0
LaHg2Se4,0.34938221252250834
LaHo2Se4,3.821292352229387
LaLa2Se4,7.636069143194714
LaLu2Se4,0.05579415728589865
LaMg2Se4,0.0
LaMn2Se4,0.15931497789159899
LaMo2Se4,0.505855952461876
LaNb2Se4,0.47642356317188916
LaNd2Se4,4.688849924250603
LaNi2Se4,3.76822016840838
LaOs2Se4,0.3700850509980693
LaP2Se4,0.0
LaPb2Se4,0.21222125396021152
LaPr2Se4,6.641057728793132
LaPt2Se4,0.2323821724601558
LaRu2Se4,0.32035560709583866
LaSc2Se4,3.89750216589901
LaSi2Se4,4.895941324456141
LaSm2Se4,0.06786554813885992
LaSr2Se4,4.173590690802837
LaTb2Se4,8.040987423150458
LaTc2Se4,0.19728177453994533
LaTe2Se4,4.049722510068432
LaTm2Se4,0.07982613273266015
LaV2Se4,0.2818017631004066
LaW2Se4,5.838383261655704
LaYb2Se4,error
LiAu2Se4,2.138782909902987
LiBi2Se4,8.265025174551655
LiCo2Se4,0.05010459747739837
LiCr2Se4,0.0
LiCu2Se4,0.19358687792556717
LiDy2Se4,4.892053623821586
LiEr2Se4,5.097013488014826
LiFe2Se4,0.0
LiGa2Se4,0.7084619404425094
LiGd2Se4,0.016112633659849607
LiHf2Se4,0.0
LiIr2Se4,0.04765294096930539
LiLa2Se4,0.07884192867168593
LiMn2Se4,0.0
LiMo2Se4,0.26175971922192787
LiNd2Se4,0.050024128844651905
LiNi2Se4,0.061969982059586926
LiOs2Se4,0.05140946158230442
LiP2Se4,0.17463474346519758
LiPb2Se4,0.0
LiPd2Se4,0.0
LiPr2Se4,0.05813755398836662
LiPt2Se4,0.0
LiRh2Se4,0.0
LiRu2Se4,0.11747827124210541
LiSi2Se4,0.08687760892719876
LiSm2Se4,0.03501013746178927
LiTa2Se4,0.10113171318089265
LiTb2Se4,2.973821189040603
LiTc2Se4,0.0
LiTe2Se4,0.07733450205731618
LiTi2Se4,0.3378189219073935
LiV2Se4,0.06213622419831566
LiW2Se4,0.2908951908005104
LiYb2Se4,error
LiZn2Se4,3.2720052216058257
LuAl2Se4,0.15353684441606763
LuB2Se4,0.0
LuCo2Se4,0.3176518154094232
LuCr2Se4,0.1831180214051118
LuCu2Se4,3.6049543261310903
LuDy2Se4,7.060483420228601
LuEr2Se4,0.03767554043562793
LuEu2Se4,0.12531134359445506
LuFe2Se4,3.5426308146813885
LuGa2Se4,0.2825769049399547
LuGd2Se4,0.059812362277712694
LuHo2Se4,0.04634371682295324
LuLa2Se4,6.8045244529685815
LuLu2Se4,0.001982291371287914
LuMn2Se4,0.11568617553556138
LuMo2Se4,0.48115190742069025
LuNb2Se4,2.897822172186105
LuNd2Se4,0.0949807100357365
LuNi2Se4,0.34696925642166576
LuOs2Se4,0.3775381950366645
LuP2Se4,0.1871215185995201
LuPb2Se4,0.16906159241404772
LuPr2Se4,8.28143789795892
LuPt2Se4,0.20102167062297394
LuRh2Se4,0.0
LuRu2Se4,0.3207903796521041
LuSc2Se4,0.0613072476514791
LuSi2Se4,0.5229450803616347
LuSm2Se4,0.08193348027281111
LuSn2Se4,0.18876934004799484
LuSr2Se4,0.1627502484260992
LuTb2Se4,0.0538046128995191
LuTm2Se4,0.09982764033640912
LuV2Se4,0.2467567662743333
LuW2Se4,5.5847429370666255
LuYb2Se4,error
LuZr2Se4,0.2720234289732275
MgAl2Se4,0.04839493291337682
MgAs2Se4,0.12579743827272916
MgAu2Se4,3.3104389581062144
MgBi2Se4,0.0386242228701672
MgCo2Se4,0.11854552530117868
MgCr2Se4,0.020994316826689285
MgCu2Se4,0.2383729764587046
MgDy2Se4,6.821371168025249
MgEr2Se4,0.011585350793186677
MgEu2Se4,0.15359871108384748
MgFe2Se4,1.9867980205690494
MgGa2Se4,0.15695575089567937
MgGd2Se4,0.015664592308414882
MgGe2Se4,3.507172518191785
MgHo2Se4,0.010875995340827949
MgIn2Se4,0.059719179567283565
MgIr2Se4,0.11641448621679551
MgLa2Se4,6.09312183473737
MgLu2Se4,0.006282924693129743
MgMn2Se4,0.0
MgMo2Se4,4.561921901035432
MgNb2Se4,0.0
MgNd2Se4,0.045596508868957386
MgNi2Se4,0.1686278765825442
MgOs2Se4,0.13572190808201778
MgPb2Se4,3.2538868769925844
MgPd2Se4,0.05912020289014297
MgPr2Se4,10.760403081538383
MgPt2Se4,2.972027035870859
MgRh2Se4,0.0
MgRu2Se4,0.15326319542981448
MgSc2Se4,3.756700256087727
MgSi2Se4,2.843284762430824
MgSm2Se4,0.04157016964969795
MgSn2Se4,2.5370721766953155
MgSr2Se4,8.121217978016581
MgTa2Se4,0.24383079834850996
MgTb2Se4,0.006010220955662504
MgTc2Se4,0.0
MgTe2Se4,0.1484395121015889
MgTi2Se4,0.3428820637534571
MgTl2Se4,2.9619281168666722
MgTm2Se4,0.006096564918608216
MgV2Se4,0.090109588236027
MgW2Se4,0.42782037840092446
MgY2Se4,0.01794505552700265
MgYb2Se4,error
MgZn2Se4,0.2716804575233849
MgZr2Se4,4.212907559723009
MnAg2Se4,0.0
MnAl2Se4,0.0
MnAu2Se4,0.0
MnB2Se4,0.0
MnBa2Se4,0.19160388848905008
MnBe2Se4,0.0
MnBi2Se4,0.02520860274171799
MnCa2Se4,3.7255177156297665
MnCd2Se4,0.0
MnCe2Se4,3.0265760870755347
MnCo2Se4,2.3031085300483727
MnCs2Se4,5.7245278641049495
MnCu2Se4,0.09450997719562437
MnDy2Se4,5.709787197274412
MnEr2Se4,4.7967536693320545
MnGa2Se4,0.0
MnGd2Se4,0.00816945665008717
MnH2Se4,0.7761363527021401
MnHf2Se4,0.0
MnHg2Se4,0.18362995721053643
MnHo2Se4,0.005664363621828095
MnIn2Se4,0.01331655050963132
MnIr2Se4,0.0
MnK2Se4,0.3247895756980732
MnLa2Se4,0.07290064971460897
MnLi2Se4,0.0
MnLu2Se4,0.012155102092962444
MnMg2Se4,2.405139494367812
MnMn2Se4,0.0
MnMo2Se4,2.940181895954912
MnNa2Se4,0.05504405382106636
MnNb2Se4,0.20602457728228973
MnNd2Se4,0.03917575374943372
MnNi2Se4,0.0
MnOs2Se4,0.07338258484095483
MnP2Se4,0.0
MnPb2Se4,3.478391427454393
MnPd2Se4,0.0
MnPt2Se4,0.02329361860818846
MnRh2Se4,0.0
MnRu2Se4,3.262739565450795
MnSi2Se4,0.0
MnSm2Se4,0.03439969942074583
MnSn2Se4,0.0
MnSr2Se4,0.17637020289871863
MnTa2Se4,0.19998277944548004
MnTb2Se4,0.006162705482029018
MnTc2Se4,0.0
MnTe2Se4,4.786813546653305
MnTi2Se4,0.0
MnTm2Se4,0.0008181138445024771
MnV2Se4,0.08863437665671103
MnW2Se4,0.36203636194283817
MnYb2Se4,error
MnZn2Se4,0.0
MnZr2Se4,1.4678965709542346
MoAu2Se4,0.33885865216559097
MoB2Se4,1.5299162924648328
MoBa2Se4,0.2948720828878333
MoBe2Se4,0.4237860726268883
MoBi2Se4,0.32920436056277413
MoCa2Se4,3.959898981638122
MoCd2Se4,0.0
MoCo2Se4,1.7545505444901703
MoCr2Se4,0.2628728438732342
MoCs2Se4,7.053138008374936
MoCu2Se4,0.21477787550634897
MoDy2Se4,6.617912911733543
MoEr2Se4,5.030859964749656
MoFe2Se4,0.512362357399506
MoGa2Se4,0.3577029703018706
MoGd2Se4,0.36670937547738625
MoGe2Se4,0.0
MoH2Se4,0.7318608866411225
MoHg2Se4,0.2593847565291578
MoHo2Se4,5.654495356645582
MoIn2Se4,0.30190246024675194
MoIr2Se4,0.3883103332402582
MoK2Se4,5.530985618002127
MoLa2Se4,6.171919275675553
MoLi2Se4,2.209535156755944
MoLu2Se4,0.361541127101102
MoMg2Se4,3.024738411874644
MoMn2Se4,0.2461186865918492
MoMo2Se4,0.5608333520075819
MoNa2Se4,0.13036749254163382
MoNb2Se4,0.0
MoNd2Se4,0.4014530896788626
MoNi2Se4,0.25182678304040795
MoOs2Se4,0.5195626339155206
MoPb2Se4,0.13279618997737686
MoPd2Se4,3.3785489633644605
MoPr2Se4,0.33952023079293703
MoPt2Se4,2.4082736653694194
MoRu2Se4,0.4269540722466054
MoSi2Se4,0.0
MoSm2Se4,0.40393069087824696
MoSr2Se4,7.118920786963391
MoTb2Se4,5.595669901988384
MoTc2Se4,0.3394561960303202
MoTe2Se4,0.2808406944534587
MoTl2Se4,0.09672267595764783
MoTm2Se4,0.38022185110408024
MoV2Se4,0.3723404596565052
MoW2Se4,0.7793859231762212
MoY2Se4,4.134263548750502
MoYb2Se4,error
MoZn2Se4,3.26973758256002
NaAs2Se4,0.08397995893522747
NaAu2Se4,0.2627727252158696
NaBi2Se4,0.009071611603793883
NaCo2Se4,0.09408444783379633
NaCr2Se4,0.06391840976663232
NaCu2Se4,1.8978227293007768
NaDy2Se4,6.2765750308606165
NaEr2Se4,5.103438395812519
NaEu2Se4,0.1924962704090829
NaFe2Se4,0.1934833464194332
NaGa2Se4,2.760294574463062
NaGd2Se4,0.013636695958382461
NaIr2Se4,0.050829646299315634
NaLa2Se4,0.05459868680393498
NaMn2Se4,0.008072268142957029
NaMo2Se4,0.33748407978703643
NaNb2Se4,3.946870849697581
NaNd2Se4,0.041589810677268524
NaNi2Se4,0.12270809412704775
NaOs2Se4,0.03615014231163638
NaP2Se4,0.05355335636185288
NaPb2Se4,0.05991402681489344
NaPd2Se4,0.0
NaPr2Se4,0.04608414310274256
NaPt2Se4,0.0
NaRe2Se4,0.0
NaRh2Se4,3.0228406300180697
NaRu2Se4,0.117023640972862
NaSb2Se4,0.0
NaSi2Se4,2.334229252200016
NaSm2Se4,0.03132793342913587
NaTa2Se4,5.604756013173346
NaTb2Se4,5.4826713684356205
NaTc2Se4,0.0
NaTe2Se4,0.09774082536226736
NaTi2Se4,0.0
NaV2Se4,0.13540024219347657
NaW2Se4,0.4295233316412457
NaY2Se4,4.751090252574525
NaYb2Se4,error
NaZn2Se4,3.3420408256822234
NaZr2Se4,4.017912822259325
NbAu2Se4,3.301039749978503
NbBa2Se4,0.13863226635728676
NbBe2Se4,0.3746526190504511
NbBi2Se4,0.19464378413244443
NbCa2Se4,4.5075174802613756
NbCd2Se4,1.290225923011994
NbCo2Se4,3.3576172413996512
NbCr2Se4,3.317233673927148
NbCs2Se4,6.438549631583708
NbCu2Se4,0.263865847657903
NbDy2Se4,6.082593528757714
NbEr2Se4,0.24860345259976846
NbFe2Se4,0.0
NbGa2Se4,0.25522222325349464
NbGd2Se4,0.22463799930270767
NbH2Se4,0.7695550472363015
NbHg2Se4,0.16946543036418715
NbHo2Se4,0.24741852825499944
NbIn2Se4,0.17072317250112423
NbIr2Se4,3.6349717766477334
NbK2Se4,0.07481402847863006
NbLa2Se4,5.028279361579161
NbLu2Se4,0.2784825256149448
NbMn2Se4,0.16414920720031745
NbMo2Se4,3.4204077424710073
NbNb2Se4,0.0
NbNd2Se4,0.2550808235046276
NbNi2Se4,0.24262699612456373
NbOs2Se4,0.38740996849066445
NbP2Se4,0.0
NbPb2Se4,4.444185351214752
NbPr2Se4,0.0
NbPt2Se4,0.19054465477099214
NbRb2Se4,5.99610630805363
NbRu2Se4,0.3024352522710103
NbSb2Se4,0.0
NbSc2Se4,3.7137720929647515
NbSi2Se4,0.0
NbSm2Se4,0.25559482407070355
NbSr2Se4,0.148167341301626
NbTb2Se4,7.134058911651538
NbTc2Se4,0.2378716016088731
NbTe2Se4,0.22340787296927722
NbTm2Se4,0.2429272166418368
NbV2Se4,0.30612283745869995
NbW2Se4,4.505409160454349
NbYb2Se4,error
NbZn2Se4,2.9658512264923966
NdAl2Se4,0.21339279170606673
NdAs2Se4,0.34296326477814976
NdAu2Se4,0.3977940125138453
NdB2Se4,1.8879494570969202
NdBa2Se4,0.19308140734110246
NdBe2Se4,0.5625407743461803
NdBi2Se4,0.1951692577810471
NdCa2Se4,0.205762502409101
NdCd2Se4,0.2908105795152913
NdCe2Se4,0.0
NdCo2Se4,0.37211952394454784
NdCu2Se4,1.336204978618563
NdDy2Se4,7.989996176570156
NdEr2Se4,0.06484193125176585
NdFe2Se4,0.0
NdGa2Se4,0.31697407066833794
NdGd2Se4,0.045908499652675516
NdGe2Se4,0.2627626989534875
NdHg2Se4,0.3381474311730117
NdHo2Se4,0.0
NdLa2Se4,6.286109506849651
NdLu2Se4,0.05203392188883704
NdMg2Se4,4.8220378750114605
NdMn2Se4,0.14147072962224527
NdNb2Se4,0.44751279964936774
NdNd2Se4,0.07448887732527787
NdNi2Se4,0.39634352420343966
NdOs2Se4,0.37152261935206976
NdPb2Se4,0.20400744213532995
NdPd2Se4,4.519382447036267
NdPr2Se4,0.0876595489823897
NdPt2Se4,0.21897674404823686
NdRe2Se4,0.0
NdRh2Se4,0.0
NdRu2Se4,0.3235118815746185
NdSc2Se4,0.07064648051086486
NdSi2Se4,0.5493767025887779
NdSm2Se4,0.07357499956207647
NdSr2Se4,0.18743639807672885
NdTb2Se4,8.897249818263102
NdTc2Se4,0.18428741443311125
NdTe2Se4,0.328210956898598
NdTi2Se4,0.2957744283184409
NdTm2Se4,0.12741009589978525
NdY2Se4,0.05283779030749702
NdZn2Se4,3.4689616258688116
NiAu2Se4,0.23559757342349075
NiB2Se4,0.0
NiBa2Se4,0.4284271181214363
NiBe2Se4,0.32930283152201056
NiBi2Se4,0.13962349602318103
NiCa2Se4,0.39780968582943643
NiCd2Se4,0.0
NiCe2Se4,0.0
NiCo2Se4,0.0
NiCr2Se4,0.016821118477039043
NiCu2Se4,0.09173893152489487
NiDy2Se4,0.14505333846796642
NiEr2Se4,5.094388142416604
NiFe2Se4,1.9799871170705856
NiGa2Se4,4.017357123289761
NiGd2Se4,0.16373517363428647
NiHg2Se4,0.2992574160272867
NiHo2Se4,0.15051703241967118
NiIn2Se4,0.13229500853741838
NiIr2Se4,0.0731411508282136
NiLa2Se4,0.2517272238987216
NiLu2Se4,0.13547742813252395
NiMg2Se4,4.167216198257128
NiMn2Se4,0.0
NiMo2Se4,0.2623806907194419
NiNb2Se4,0.0
NiNd2Se4,0.20888714752143756
NiNi2Se4,0.007103844781844337
NiOs2Se4,0.08520819962276871
NiP2Se4,2.0406111391592825
NiPb2Se4,0.0
NiPd2Se4,0.02907088723443607
NiPr2Se4,0.22708748013763191
NiPt2Se4,1.4594678210637309
NiRh2Se4,0.0
NiRu2Se4,0.11439062898537777
NiSc2Se4,0.0
NiSi2Se4,0.0
NiSm2Se4,0.2037352834967585
NiTa2Se4,0.21805011150055797
NiTc2Se4,0.0
NiTe2Se4,0.1501396596236395
NiTm2Se4,0.13390410275168474
NiV2Se4,0.06627604185548996
NiW2Se4,0.2864857606493185
NiY2Se4,3.674637029219298
NiYb2Se4,error
NiZn2Se4,2.805409462374685
NiZr2Se4,3.8192344686319104
OsAu2Se4,0.2849952767032953
OsB2Se4,0.8972703734420069
OsBa2Se4,0.38460014756786354
OsBi2Se4,0.2331102552727904
OsCa2Se4,0.3479717009531189
OsCd2Se4,1.5345927862873023
OsCr2Se4,4.93686679161596
OsCs2Se4,2.601336924098921
OsCu2Se4,0.1373978193260479
OsDy2Se4,0.25269059229785373
OsEr2Se4,5.825319741451847
OsFe2Se4,3.1305428677268705
OsGa2Se4,0.23815266112918287
OsGd2Se4,0.2543444227753078
OsH2Se4,0.7600011656056314
OsHg2Se4,0.31046560997107564
OsHo2Se4,0.25762239759928285
OsIn2Se4,0.22124017866193313
OsIr2Se4,6.483425483519498
OsK2Se4,5.414179118118256
OsLa2Se4,0.36350216282806347
OsLi2Se4,0.3702106898353339
OsLu2Se4,4.905719948751282
OsMg2Se4,4.231023164522932
OsMn2Se4,0.054337889238582626
OsMo2Se4,0.4769041979863049
OsNa2Se4,4.645289668700224
OsNb2Se4,0.0
OsNd2Se4,0.3221806742678748
OsNi2Se4,0.12540459333921827
OsOs2Se4,0.1763418114009747
OsP2Se4,2.405146057692672
OsPb2Se4,0.9902634049522963
OsPd2Se4,4.321603225887954
OsPr2Se4,0.3450609676551295
OsPt2Se4,5.7868205247696975
OsRb2Se4,5.324707644645253
OsRe2Se4,0.0
OsRh2Se4,0.0
OsRu2Se4,0.21315710972232083
OsSc2Se4,0.0
OsSi2Se4,0.0
OsSm2Se4,0.29150455897132144
OsTa2Se4,10.234754396825167
OsTb2Se4,6.63265293904651
OsTc2Se4,0.0
OsTi2Se4,0.0
OsTm2Se4,0.25551856541650686
OsV2Se4,0.21601305875840549
OsW2Se4,0.5273929420919643
OsY2Se4,6.693222210978156
OsYb2Se4,error
OsZn2Se4,4.1950640162792805
PAg2Se4,0.0
PAu2Se4,3.3935247287830754
PB2Se4,0.0
PBa2Se4,0.2489973020311096
PBe2Se4,0.0
PBi2Se4,0.18883751836902363
PCa2Se4,0.18115544851776022
PCo2Se4,0.22391094892662533
PCu2Se4,0.09859497996673872
PEr2Se4,0.0
PFe2Se4,0.0
PGa2Se4,0.0
PGd2Se4,0.2281252519178425
PHg2Se4,0.1468200818601746
PIn2Se4,0.19809980948991113
PIr2Se4,0.253901136203722
PLa2Se4,4.75695882438732
PLu2Se4,0.24123411568645992
PMn2Se4,0.1463832320936458
PMo2Se4,4.93953522400943
PNd2Se4,0.28020211598188904
PNi2Se4,0.1554029140522637
POs2Se4,0.1842546723326084
PPb2Se4,0.0
PPd2Se4,0.11599370437461243
PPt2Se4,0.0
PRe2Se4,0.0
PRh2Se4,0.22314288433700824
PRu2Se4,0.2572268215886995
PSb2Se4,0.0
PSc2Se4,0.0
PSi2Se4,0.0
PSm2Se4,5.77519548820387
PTc2Se4,0.0927937617053054
PTi2Se4,0.0
PTl2Se4,1.8155976591757494
PTm2Se4,0.24078492773338134
PW2Se4,0.6548891135716586
PYb2Se4,error
PZn2Se4,3.2034079479896014
PbAg2Se4,0.0
PbAl2Se4,0.0
PbBe2Se4,2.23641151125683
PbCa2Se4,0.0
PbCd2Se4,1.5082805430231783
PbCo2Se4,0.12088399401280636
PbCr2Se4,0.0
PbDy2Se4,0.0
PbEr2Se4,0.0
PbEu2Se4,8.866475437912513
PbGa2Se4,0.0
PbGd2Se4,0.04134359449044567
PbGe2Se4,0.0
PbHg2Se4,0.22799288021054975
PbHo2Se4,0.0
PbIn2Se4,0.0
PbLa2Se4,0.0
PbMn2Se4,0.005766685560208096
PbMo2Se4,0.19893413549502448
PbNd2Se4,3.4478626635074114
PbOs2Se4,0.08230121865207618
PbP2Se4,0.0
PbPb2Se4,0.1312350100284605
PbPr2Se4,0.0
PbPt2Se4,0.03296926738504968
PbRu2Se4,0.13935172136020402
PbSb2Se4,0.0
PbSc2Se4,0.0
PbSi2Se4,0.0
PbSm2Se4,0.0
PbSn2Se4,0.0
PbSr2Se4,0.0007921096112113446
PbTb2Se4,0.0
PbTc2Se4,0.0
PbTl2Se4,0.0
PbTm2Se4,6.874803864982527
PbV2Se4,0.15612442767428458
PbW2Se4,0.5649045255692089
PbY2Se4,0.0
PbYb2Se4,error
PbZn2Se4,0.0
PdAg2Se4,0.0
PdAu2Se4,0.0
PdB2Se4,0.0
PdBa2Se4,0.332507464460539
PdBe2Se4,0.29611956233460734
PdBi2Se4,0.009534603445208845
PdCa2Se4,4.170956145531965
PdCd2Se4,0.0
PdCo2Se4,0.0
PdCr2Se4,2.1818322403954484
PdCu2Se4,0.09124202553147143
PdEr2Se4,0.05458183527555782
PdFe2Se4,0.016860798329322968
PdGa2Se4,0.07306039578277712
PdGd2Se4,0.056596234578240256
PdGe2Se4,0.0
PdHf2Se4,4.208382167237602
PdHg2Se4,0.25135088741061784
PdHo2Se4,5.904877258302083
PdIn2Se4,0.0057006146656060075
PdIr2Se4,3.5519676230720325
PdLa2Se4,6.612058483648402
PdLu2Se4,0.0750110908648427
PdMg2Se4,3.817692151089131
PdMn2Se4,4.286408700257251
PdMo2Se4,0.3362632731618671
PdNb2Se4,0.0
PdNd2Se4,0.0921824288227322
PdNi2Se4,2.550472867189924
PdP2Se4,0.0
PdPb2Se4,0.0
PdPd2Se4,0.0
PdPr2Se4,0.10528019201450967
PdRu2Se4,2.541381458332403
PdSc2Se4,0.0
PdSi2Se4,0.0
PdSm2Se4,0.08790533839718151
PdSr2Se4,0.9046897111436332
PdTa2Se4,0.07539121620389455
PdTb2Se4,6.050743573535116
PdTc2Se4,0.0
PdTe2Se4,6.038118274219684
PdTi2Se4,0.0
PdTm2Se4,0.03679054453573194
PdV2Se4,0.0569539220155022
PdW2Se4,0.37973696688533654
PdY2Se4,0.06198746047808967
PdYb2Se4,error
PdZn2Se4,1.1792345070461567
PdZr2Se4,3.9812163438967425
PrAl2Se4,0.22037025711950609
PrAs2Se4,16.280759266555158
PrAu2Se4,0.4002637431449898
PrB2Se4,3.129947949627511
PrBe2Se4,0.566634818434598
PrCa2Se4,0.21798631616749198
PrCd2Se4,0.2983166741057248
PrCe2Se4,0.0
PrCo2Se4,0.3705209382941277
PrCu2Se4,0.6158784004642381
PrDy2Se4,10.241938557443682
PrEr2Se4,8.81118274871704
PrFe2Se4,0.40868082905807057
PrGa2Se4,0.32454020043500353
PrGd2Se4,0.04220963287734847
PrGe2Se4,0.2649084452014163
PrHg2Se4,0.3435391990632217
PrHo2Se4,0.0
PrLu2Se4,0.04960063838784379
PrMg2Se4,4.73459745020993
PrMn2Se4,0.14367839992977682
PrNb2Se4,0.18620298420445724
PrNd2Se4,11.225797555767354
PrOs2Se4,0.36330762424892793
PrPb2Se4,0.21142970703538655
PrPd2Se4,0.23605142913342902
PrPr2Se4,3.965840508501028
PrPt2Se4,0.22076566729637026
PrRh2Se4,0.24595902257236713
PrRu2Se4,0.3165862070186751
PrSc2Se4,8.13688011631612
PrSi2Se4,0.5525016190508527
PrSm2Se4,0.06649209662168687
PrSn2Se4,0.2220238187506176
PrSr2Se4,9.615287719498827
PrTc2Se4,0.17807625552234896
PrTe2Se4,0.32969475139818494
PrTl2Se4,0.28403030693290976
PrTm2Se4,0.029836574481756806
PrY2Se4,0.046209650852323314
PrZn2Se4,0.3602161840970868
PtAg2Se4,0.0
PtAl2Se4,0.0
PtAu2Se4,0.2694147206931894
PtB2Se4,0.0
PtBa2Se4,0.3405518284611304
PtBi2Se4,0.16884019922484583
PtCa2Se4,2.5710077448780457
PtCd2Se4,4.311242591345819
PtCr2Se4,0.1320146060295766
PtCu2Se4,0.18126192460585244
PtEr2Se4,3.518584860311424
PtGa2Se4,0.1811304425863023
PtGd2Se4,0.20483013411313777
PtH2Se4,0.7804110714351382
PtHg2Se4,0.2872955739116847
PtHo2Se4,0.2092541612389338
PtIn2Se4,0.14428455081589764
PtIr2Se4,0.12138923431822235
PtK2Se4,4.033653443247512
PtLi2Se4,0.3697000118582414
PtLu2Se4,4.8940132735857915
PtMn2Se4,0.11846986549816041
PtMo2Se4,0.52308557789015
PtNb2Se4,0.0
PtNd2Se4,0.24201837255568748
PtNi2Se4,0.15341242703969904
PtOs2Se4,0.1928077370860315
PtPd2Se4,0.15107517462071485
PtPr2Se4,0.25895045108979
PtPt2Se4,0.09124168316746673
PtRu2Se4,0.18681644242627637
PtSm2Se4,1.0679280576335017
PtSr2Se4,0.0
PtTc2Se4,0.019770168786131137
PtTe2Se4,0.0668919543836961
PtTi2Se4,0.0
PtTm2Se4,0.19890679471487527
PtV2Se4,0.2457326032960241
PtW2Se4,0.5705119114317876
PtYb2Se4,error
PtZn2Se4,0.30848972224386095
RbCo2Se4,0.24167812556742874
RbDy2Se4,0.0025220924715867454
RbFe2Se4,0.7324047858211689
RbGa2Se4,3.9089673135778136
RbGd2Se4,0.06666621610794987
RbLa2Se4,0.08413573003408903
RbMn2Se4,0.10811523058896366
RbMo2Se4,3.13838193469384
RbP2Se4,2.029601136752052
RbPr2Se4,8.20564487624821
RbPt2Se4,3.505080405641325
RbRh2Se4,0.296047991210437
RbRu2Se4,0.164074344896477
RbSb2Se4,0.0
RbSi2Se4,3.7438986459728225
RbSm2Se4,0.0778788804767876
RbSn2Se4,3.2151637559788506
RbTb2Se4,6.415004167634604
RbTc2Se4,2.9522881356391224
RbW2Se4,3.639556728218809
ReAu2Se4,4.460998575105179
ReBa2Se4,0.33360068716881663
ReBe2Se4,0.4383285697716923
ReBi2Se4,0.30459427634354697
ReCd2Se4,0.0
ReCo2Se4,2.224852904266002
ReCr2Se4,0.25267382482090994
ReCs2Se4,0.5365097219708401
ReCu2Se4,0.24861864955298163
ReDy2Se4,0.0
ReEr2Se4,0.40916322360144797
ReFe2Se4,0.0
ReGa2Se4,0.32037412403273446
ReGd2Se4,0.38908239993344473
ReH2Se4,0.711173365445755
ReHf2Se4,0.0
ReHg2Se4,0.3215797921575798
ReHo2Se4,0.0
ReIn2Se4,0.29841554268645787
ReIr2Se4,3.8015855896935613
ReK2Se4,4.563449705473638
ReLa2Se4,0.0
ReLu2Se4,2.7549135095374573
ReMg2Se4,0.0
ReMn2Se4,0.2083777230356363
ReMo2Se4,0.5487407719261066
ReNb2Se4,0.0
ReNd2Se4,0.4259541064089305
ReNi2Se4,0.15650868213265579
ReOs2Se4,0.364038782045613
RePb2Se4,0.0
RePd2Se4,2.562486624687518
RePr2Se4,0.4429941682696308
RePt2Se4,0.2076540198503718
ReRb2Se4,5.000591935264376
ReRh2Se4,0.0
ReRu2Se4,0.2922195572424666
ReSi2Se4,0.0
ReSm2Se4,0.4251479619089764
ReSr2Se4,0.0
ReTb2Se4,0.0
ReTc2Se4,0.19186171022630116
ReTe2Se4,0.2752593142946864
ReTl2Se4,0.0
ReTm2Se4,0.4043096266137498
ReV2Se4,0.2945496131410259
ReW2Se4,0.6063074067203162
ReZn2Se4,3.1271595348509678
RhAg2Se4,0.0
RhAu2Se4,3.317633666820103
RhBa2Se4,0.36100821119707494
RhBe2Se4,0.3406495314525637
RhBi2Se4,0.14459589167411213
RhCa2Se4,4.47923975209438
RhCd2Se4,0.0
RhCo2Se4,0.021952446038811857
RhCr2Se4,0.08175001432642492
RhCu2Se4,0.14260697254584898
RhDy2Se4,5.602315422061548
RhEr2Se4,0.15933169244897893
RhFe2Se4,0.0
RhGa2Se4,0.15121977052619062
RhGd2Se4,0.1515299025275123
RhHg2Se4,0.30308424703304615
RhHo2Se4,0.15492998070806419
RhIn2Se4,0.1199911387160304
RhIr2Se4,2.8572654515081464
RhLa2Se4,0.22598693341137022
RhLu2Se4,0.0
RhMg2Se4,3.9146843695736164
RhMn2Se4,0.05313672563571181
RhMo2Se4,0.36766677996039565
RhNb2Se4,0.0
RhNd2Se4,0.19126564397769563
RhNi2Se4,0.030194542993985607
RhOs2Se4,0.11964201805844965
RhPb2Se4,0.0
RhPd2Se4,2.861771299446049
RhPr2Se4,0.2063169727951406
RhRh2Se4,0.0
RhRu2Se4,0.10239499258042883
RhSm2Se4,0.19009041316544195
RhSr2Se4,7.335681771470512
RhTa2Se4,0.2848192456250427
RhTb2Se4,0.16055034873220642
RhTc2Se4,0.0
RhTi2Se4,0.0
RhTm2Se4,0.14916036423127732
RhV2Se4,0.12549898859033704
RhW2Se4,0.3960376477086127
RhYb2Se4,error
RhZn2Se4,2.7648792062085334
RhZr2Se4,4.1345346745930485
RuAu2Se4,0.265868731859058
RuB2Se4,0.0
RuBa2Se4,0.37119119663288025
RuBe2Se4,0.34995498520933843
RuBi2Se4,0.13987740763105183
RuCa2Se4,0.354959190873708
RuCd2Se4,0.0
RuCo2Se4,0.023059167507953227
RuCr2Se4,2.584014035605775
RuCu2Se4,0.14220741654924662
RuDy2Se4,0.1746405259010695
RuEr2Se4,0.1895341068919505
RuGa2Se4,0.15136517316013798
RuGd2Se4,0.17535501052888947
RuH2Se4,0.7145070616367994
RuHg2Se4,0.3008965458626851
RuHo2Se4,0.18198110559531955
RuIn2Se4,0.1361223407310268
RuIr2Se4,3.181976466982975
RuLa2Se4,0.25564019003589333
RuLi2Se4,1.6193161502573452
RuLu2Se4,6.1091959130074995
RuMg2Se4,4.627513080025874
RuMn2Se4,0.056621237199352414
RuMo2Se4,0.3492994322628409
RuNa2Se4,1.1854742705596837
RuNd2Se4,0.22590130493332872
RuNi2Se4,0.03474937999463368
RuOs2Se4,0.1636451004806423
RuP2Se4,0.0
RuPb2Se4,0.1934576442528977
RuPd2Se4,1.9091829925872386
RuPr2Se4,0.23823222979758896
RuPt2Se4,3.6694722903888497
RuRh2Se4,0.0
RuRu2Se4,0.09894847726619549
RuSc2Se4,0.0
RuSi2Se4,0.0
RuSm2Se4,0.21738480950100048
RuTa2Se4,0.2663312602815484
RuTb2Se4,6.5556871537781545
RuTc2Se4,0.0
RuTe2Se4,0.1834859996815137
RuTm2Se4,0.17873581029025942
RuV2Se4,0.11813749715231392
RuW2Se4,0.3869495681776449
RuY2Se4,5.275386416634076
RuZn2Se4,2.7526752971907453
RuZr2Se4,3.8471002521267392
SbAl2Se4,0.0
SbAu2Se4,0.0
SbB2Se4,0.0
SbBa2Se4,10.295571727118075
SbBe2Se4,0.0
SbBi2Se4,14.318067292135424
SbCo2Se4,0.06379271670134568
SbCr2Se4,2.8740710069789683
SbCu2Se4,0.09252217019490239
SbDy2Se4,6.741203241820757
SbEr2Se4,0.0
SbGa2Se4,0.19211388768266024
SbGd2Se4,25.502027686602304
SbGe2Se4,0.0
SbHg2Se4,0.17071817724313698
SbIn2Se4,0.11187919992560902
SbIr2Se4,4.246257806639301
SbLu2Se4,0.0
SbMg2Se4,4.5480283897488745
SbMn2Se4,0.017425725785091828
SbMo2Se4,11.674906845743271
SbNb2Se4,0.0
SbNd2Se4,0.16128434978295392
SbNi2Se4,0.10035086253862247
SbOs2Se4,0.07498720826967276
SbP2Se4,0.0
SbPb2Se4,3.7316032509153154
SbPt2Se4,0.08397890383589424
SbRu2Se4,0.15995848815334135
SbSi2Se4,0.0
SbSm2Se4,0.0
SbSr2Se4,7.474122146512146
SbTb2Se4,4.861413113891079
SbTc2Se4,0.0
SbTe2Se4,0.13489052917197153
SbTm2Se4,8.90496807326037
SbV2Se4,0.1620778408634509
SbW2Se4,16.70991905229977
SbZn2Se4,0.0
ScAg2Se4,0.0
ScAl2Se4,3.4720638226630616
ScAs2Se4,0.0
ScAu2Se4,2.340412477043312
ScB2Se4,0.0
ScBi2Se4,0.14714380662844917
ScCo2Se4,0.23551095327263738
ScCr2Se4,0.13568705663122316
ScCu2Se4,0.26552528800093
ScDy2Se4,6.316995514210138
ScEr2Se4,0.05850871973325411
ScEu2Se4,0.117463022586767
ScFe2Se4,0.28504752122932153
ScGa2Se4,0.2469997171543037
ScGd2Se4,0.04616189255859737
ScGe2Se4,0.19519380447097934
ScHo2Se4,0.05871779947222677
ScIn2Se4,0.14616114785491785
ScIr2Se4,0.2672860726298989
ScLa2Se4,2.673033000647281
ScLu2Se4,0.04274395419513244
ScMn2Se4,0.09185197489511765
ScMo2Se4,0.45340285581203954
ScNb2Se4,3.059542325487281
ScNd2Se4,0.07574409688077388
ScNi2Se4,0.27101457667114115
ScOs2Se4,0.33618320659146494
ScPb2Se4,2.8287749308528176
ScPd2Se4,0.1680298894047363
ScPt2Se4,2.8519162007707117
ScRh2Se4,3.397586124144705
ScRu2Se4,0.29241540436136226
ScSb2Se4,3.10496724036014
ScSc2Se4,0.04255529011782144
ScSi2Se4,3.5202165431505046
ScSm2Se4,0.06883199635855863
ScSn2Se4,3.651105634574731
ScSr2Se4,8.233545032982228
ScTb2Se4,6.453840302879373
ScTc2Se4,0.09573936673100114
ScTe2Se4,0.2628147032316672
ScTi2Se4,1.624873591191129
ScTl2Se4,3.0251041585906444
ScTm2Se4,0.06485146126243979
ScV2Se4,0.2067728493984955
ScW2Se4,0.6453701780203982
ScY2Se4,5.565780231026501
ScYb2Se4,error
ScZn2Se4,2.43774625961745
ScZr2Se4,0.22842856247906784
SiAl2Se4,0.14839822532012104
SiAu2Se4,0.22250748676163834
SiBa2Se4,0.2081444836364481
SiBe2Se4,0.2972501084926744
SiBi2Se4,0.13405357645049865
SiCa2Se4,0.1351684630246286
SiCo2Se4,0.13013207613260658
SiCr2Se4,3.509420102870702
SiCu2Se4,0.11431112523703746
SiDy2Se4,6.319788478497326
SiEr2Se4,0.2580978030882619
SiEu2Se4,0.14095403974945775
SiGa2Se4,0.19739191349988472
SiGd2Se4,0.24506892698737293
SiHg2Se4,0.17793329863918972
SiHo2Se4,8.438065021473392
SiIn2Se4,0.12539571159585394
SiLa2Se4,0.4732591141570852
SiLu2Se4,0.2458494497134316
SiMn2Se4,0.0911068134920745
SiMo2Se4,0.515136762269039
SiNb2Se4,0.0
SiNi2Se4,5.4927056667775505
SiOs2Se4,5.541118154424169
SiP2Se4,0.2834481708261718
SiPb2Se4,0.0
SiPd2Se4,0.08668816369192633
SiRe2Se4,0.0
SiRh2Se4,0.14894897822527753
SiRu2Se4,0.256258744120224
SiSc2Se4,0.5421691981874277
SiSi2Se4,0.32594482750482356
SiSm2Se4,0.28299938051738227
SiSn2Se4,0.11006168326807675
SiTb2Se4,0.25863746690795697
SiTe2Se4,0.1521726402294057
SiTl2Se4,3.3584883034137523
SiTm2Se4,0.259410347662814
SiV2Se4,0.1795126658339008
SiW2Se4,0.5791085525370923
SiY2Se4,0.25212459468917725
SiYb2Se4,error
SiZn2Se4,0.21718656931185887
SiZr2Se4,0.3498668449762601
SmAl2Se4,0.2246642942445476
SmAs2Se4,16.2175672956363
SmB2Se4,1.026522853188844
SmBa2Se4,0.18955885884379686
SmBe2Se4,0.5690829713828576
SmBi2Se4,0.2245852588644235
SmCa2Se4,0.19833136412862995
SmCe2Se4,0.19517633943849422
SmCo2Se4,0.3860415381005433
SmCr2Se4,0.24270760263764135
SmCu2Se4,0.59392774460808
SmDy2Se4,0.07737871552888098
SmEr2Se4,0.08733186165404216
SmEu2Se4,20.273561069483314
SmFe2Se4,0.4351753972033272
SmGa2Se4,0.336040224886057
SmGd2Se4,0.07624031881698379
SmGe2Se4,0.2738119275959825
SmHg2Se4,0.33963264119894054
SmHo2Se4,0.08801590870097531
SmLa2Se4,4.159597794624366
SmLu2Se4,0.0736331505531993
SmMg2Se4,0.25613855842036326
SmMn2Se4,0.15342437918747187
SmMo2Se4,0.5196230425297159
SmNb2Se4,4.761234344658968
SmNd2Se4,0.10670846977742787
SmNi2Se4,0.41570198838817163
SmOs2Se4,0.3979475168599107
SmP2Se4,0.5264977332775267
SmPb2Se4,0.2047993001944164
SmPr2Se4,0.1169428214012811
SmPt2Se4,0.24071076113179313
SmRh2Se4,1.2777007520582444
SmRu2Se4,0.33540920419448295
SmSc2Se4,0.09077174557966039
SmSi2Se4,0.5777164611281735
SmSm2Se4,0.09596233777176799
SmSn2Se4,3.923088657790376
SmSr2Se4,0.18117462586025557
SmTb2Se4,0.07749262728281714
SmTc2Se4,0.19259470731750117
SmTe2Se4,0.34530657935510956
SmTi2Se4,0.3249240945796821
SmTl2Se4,0.0
SmTm2Se4,0.10214185506353601
SmV2Se4,4.445959550296914
SmW2Se4,5.58715777943234
SmY2Se4,0.07490587653774661
SmYb2Se4,error
SmZn2Se4,0.35102074998437427
SmZr2Se4,0.30114938942699165
SnAu2Se4,8.158316133455926
SnB2Se4,0.0
SnBa2Se4,0.12246339236553894
SnBe2Se4,0.23030957514280992
SnCa2Se4,4.584363116903826
SnCd2Se4,0.0
SnCo2Se4,0.04971472025239976
SnCr2Se4,0.02592437823186433
SnCu2Se4,0.09954677073420948
SnDy2Se4,7.128669052511047
SnEr2Se4,4.978359253416245
SnEu2Se4,12.603326706175562
SnGa2Se4,0.16594151850929917
SnGd2Se4,0.07866003078126571
SnHg2Se4,0.12699210617663326
SnHo2Se4,0.08757056352550752
SnIn2Se4,0.08297924715527483
SnIr2Se4,0.10329915907448584
SnLa2Se4,1.3199483240641552
SnLu2Se4,0.0
SnMg2Se4,0.8155631853530032
SnMn2Se4,0.0
SnNb2Se4,0.0
SnNd2Se4,0.09878877247056295
SnNi2Se4,0.07556771528616402
SnOs2Se4,0.04732319924295947
SnP2Se4,0.0
SnPb2Se4,1.8772780281902945
SnPd2Se4,0.0
SnPr2Se4,4.413696604239247
SnPt2Se4,0.04142111563259743
SnRh2Se4,0.014487909219749184
SnRu2Se4,0.08902531852329343
SnSc2Se4,0.0
SnSi2Se4,0.0
SnSm2Se4,0.09960959173343209
SnSr2Se4,7.165205485123671
SnTb2Se4,8.421126875501274
SnTi2Se4,0.0
SnTl2Se4,0.11512696888290463
SnV2Se4,0.10705718102279249
SnW2Se4,0.24038942413812237
SnYb2Se4,error
SnZn2Se4,0.0
SrAl2Se4,1.10350693102126
SrAs2Se4,0.2201737823680121
SrAu2Se4,0.0
SrB2Se4,0.0
SrBa2Se4,0.2654763510309479
SrBe2Se4,0.47108092681835334
SrBi2Se4,0.10529926799447686
SrCa2Se4,4.557711769766049
SrCd2Se4,5.948061057880205
SrCe2Se4,0.033008727243210245
SrCo2Se4,0.3142840742765358
SrCu2Se4,2.1043838149870497
SrDy2Se4,7.198906680661967
SrEr2Se4,0.07935813558804306
SrEu2Se4,0.14874972496695715
SrFe2Se4,0.0
SrGa2Se4,0.3409633077158265
SrGd2Se4,0.05384596034452116
SrGe2Se4,0.0
SrHf2Se4,0.0
SrHg2Se4,0.327920213033547
SrHo2Se4,0.0588829256896819
SrIn2Se4,0.1596551537755917
SrLa2Se4,3.1987688161714316
SrLu2Se4,0.08210980738957918
SrMg2Se4,5.139511613577184
SrMn2Se4,0.10056113873345485
SrMo2Se4,0.4707906825791417
SrNb2Se4,0.3968543535010678
SrNd2Se4,0.07624250921439035
SrNi2Se4,5.367657053651726
SrOs2Se4,0.23681422873619518
SrP2Se4,4.4824496614206115
SrPb2Se4,0.20818705782140068
SrPd2Se4,3.974981441653002
SrPr2Se4,5.812248020994788
SrPt2Se4,0.1652324518947692
SrRh2Se4,0.0
SrRu2Se4,0.2660083494732701
SrSc2Se4,5.7645856895829715
SrSi2Se4,0.4605021048378424
SrSm2Se4,0.07136839465801881
SrSn2Se4,0.8436878423792842
SrSr2Se4,8.60374073109971
SrTb2Se4,8.90240024089826
SrTc2Se4,0.021550680298685343
SrTe2Se4,0.19443918496884827
SrTi2Se4,0.2513177724284912
SrTm2Se4,0.07172108104693287
SrZn2Se4,2.9342289324924637
TaAg2Se4,0.0
TaAl2Se4,0.0
TaBa2Se4,0.1378215242665961
TaBe2Se4,0.35965367374686785
TaBi2Se4,0.23057336715446386
TaCa2Se4,0.16276616218947293
TaCd2Se4,0.6336963831486164
TaCr2Se4,3.5157401615379618
TaCu2Se4,0.2576367410694296
TaDy2Se4,0.0
TaEr2Se4,2.4956484100435237
TaEu2Se4,0.18556195272923492
TaFe2Se4,0.0
TaGa2Se4,0.25937092294585007
TaGd2Se4,0.30978747255125505
TaH2Se4,0.8051830954732635
TaHg2Se4,0.15052288471465758
TaIn2Se4,0.15963361781902474
TaIr2Se4,5.654386027569844
TaK2Se4,6.274348199114815
TaLa2Se4,2.8789795178474193
TaLi2Se4,0.15619751938160675
TaLu2Se4,0.3190955075416193
TaMg2Se4,4.012089410535273
TaMn2Se4,0.1605256705190854
TaMo2Se4,5.019480639306487
TaNb2Se4,0.0
TaNd2Se4,0.3443703553568058
TaNi2Se4,5.49594723825845
TaOs2Se4,0.4564317444725292
TaPb2Se4,3.9877966242049236
TaPt2Se4,0.2312035996095263
TaRb2Se4,5.695474389947101
TaRh2Se4,0.0
TaRu2Se4,0.34353845475438494
TaSi2Se4,0.0
TaSm2Se4,0.34857455175826324
TaSr2Se4,7.648556805570847
TaTc2Se4,0.2853432918840193
TaTe2Se4,8.989065284109646
TaTm2Se4,0.3391707151908543
TaV2Se4,0.33521412894271485
TaW2Se4,0.6974373046642794
TaYb2Se4,error
TaZn2Se4,2.7397275416338953
TbAg2Se4,0.0
TbAl2Se4,0.1811618126732606
TbAu2Se4,0.0
TbB2Se4,0.0
TbBa2Se4,0.1723444834530543
TbBe2Se4,0.5396724869286347
TbBi2Se4,0.1923374196586467
TbCa2Se4,4.909949445448305
TbCd2Se4,7.605192874387866
TbCo2Se4,0.3386556107749428
TbCr2Se4,0.19674502835138785
TbCu2Se4,0.06761621590468447
TbDy2Se4,6.3556816501458755
TbEr2Se4,0.06213562899047442
TbGa2Se4,0.3003928442688464
TbGd2Se4,0.059549585237331115
TbGe2Se4,0.24410881058476974
TbHg2Se4,0.3209673999838767
TbIn2Se4,0.07377840751209508
TbLa2Se4,0.0
TbLu2Se4,0.04772866351817484
TbMg2Se4,0.23910818333777772
TbMn2Se4,0.11861411862121862
TbMo2Se4,0.5042326378894408
TbNb2Se4,0.45609752331868236
TbNd2Se4,0.08849463637956578
TbNi2Se4,0.37301747966659704
TbOs2Se4,0.38665104263222094
TbP2Se4,0.0
TbPb2Se4,0.18605024168585693
TbPd2Se4,0.21256174849668064
TbPt2Se4,0.20448302202164914
TbRh2Se4,0.0
TbRu2Se4,0.33350932633937624
TbSc2Se4,0.0
TbSi2Se4,10.402712130166979
TbSm2Se4,0.0795871130967285
TbSn2Se4,0.20010200379099707
TbSr2Se4,8.285079267147733
TbTa2Se4,0.0
TbTc2Se4,0.16675715591476514
TbTe2Se4,0.31403912311929405
TbTm2Se4,0.07658825613204723
TbV2Se4,4.542399458810615
TbZr2Se4,0.0925254308354928
TcAl2Se4,0.0
TcAu2Se4,0.07475723498097064
TcB2Se4,0.0
TcBa2Se4,0.08331331526739927
TcBe2Se4,0.11364197006179477
TcBi2Se4,0.03786041117148553
TcCa2Se4,0.06721374586653273
TcCr2Se4,0.0
TcCu2Se4,0.0
TcDy2Se4,0.12473377251491868
TcEr2Se4,0.11549924375180609
TcEu2Se4,0.04770964802836364
TcFe2Se4,0.08479993871664693
TcGa2Se4,0.038045317184754346
TcGd2Se4,0.12156004089191441
TcH2Se4,0.6109974387960699
TcHf2Se4,0.0
TcHg2Se4,0.048171484163018086
TcHo2Se4,0.118036130999287
TcIn2Se4,0.014032729060581062
TcIr2Se4,0.10016440472889965
TcK2Se4,5.139384705170794
TcLa2Se4,4.5588334706587625
TcLi2Se4,0.14126231717686277
TcLu2Se4,0.09426159874780016
TcMg2Se4,4.213657700339423
TcMn2Se4,0.0
TcMo2Se4,0.41997220176470584
TcNa2Se4,1.3273286111469988
TcNb2Se4,0.0
TcNd2Se4,0.19358342174952803
TcNi2Se4,0.0
TcOs2Se4,0.09977783540633123
TcPb2Se4,2.2286121149367784
TcPd2Se4,0.0
TcPr2Se4,0.20910896583408878
TcPt2Se4,0.027224665088487754
TcRb2Se4,4.960689313161919
TcRh2Se4,0.0
TcRu2Se4,0.15937809587498464
TcSc2Se4,5.665887883401429
TcSi2Se4,3.0883776783601227
TcSm2Se4,0.171252250665912
TcSn2Se4,0.0
TcTb2Se4,0.14370922871313674
TcTc2Se4,0.0
TcTe2Se4,0.10002788412135555
TcTl2Se4,0.0
TcTm2Se4,0.11131791969596971
TcV2Se4,0.12812699768398872
TcW2Se4,0.49350204400806597
TcY2Se4,0.10891755487596022
TcZn2Se4,0.07369694819185568
TeAu2Se4,4.979003448202816
TeB2Se4,0.0
TeBa2Se4,0.11138788872229632
TeBi2Se4,0.09409412190344657
TeCa2Se4,0.09641495523847077
TeCd2Se4,0.0
TeCo2Se4,0.08530339219704874
TeCs2Se4,0.0
TeCu2Se4,0.054785468785474745
TeDy2Se4,7.6970951829197505
TeEr2Se4,0.1422434205866452
TeEu2Se4,0.07327433443926434
TeFe2Se4,2.252432465338746
TeGa2Se4,0.18417108457700682
TeGd2Se4,0.135985029062069
TeH2Se4,0.6353665433786935
TeHg2Se4,0.14114464223612
TeHo2Se4,0.13604618082837305
TeIn2Se4,0.10370863106182115
TeIr2Se4,0.08547443002478161
TeK2Se4,7.463183777486199
TeLi2Se4,0.12478706223436387
TeLu2Se4,8.165090786609898
TeMn2Se4,0.08680608110918797
TeMo2Se4,0.27688127248673755
TeNb2Se4,0.0
TeNd2Se4,0.18200165880871477
TeNi2Se4,0.06630171389317852
TeOs2Se4,0.05058538287910963
TePb2Se4,2.389760882398056
TePd2Se4,4.165066524497226
TePr2Se4,0.192293850398773
TePt2Se4,3.03019063380908
TeRu2Se4,0.1632761067201951
TeSc2Se4,0.0
TeSi2Se4,0.0
TeSm2Se4,0.16923927532246186
TeTb2Se4,7.979369475263127
TeTc2Se4,0.0
TeTe2Se4,0.09474759924781884
TeTm2Se4,0.1463127706537488
TeV2Se4,0.24047242184933992
TeW2Se4,0.6240805508207785
TeYb2Se4,error
TeZn2Se4,3.959429514108909
TeZr2Se4,4.824734758285765
TiAu2Se4,3.0832366408948326
TiBa2Se4,0.11294053107077939
TiBe2Se4,0.37470565904740916
TiBi2Se4,0.1426866922308232
TiCr2Se4,0.13680495114269764
TiCu2Se4,0.15427587485956895
TiFe2Se4,0.0
TiGd2Se4,0.1534032850881335
TiGe2Se4,2.2821407934251345
TiHg2Se4,0.17234132624164866
TiIn2Se4,0.1428492307118816
TiIr2Se4,0.2570079843661297
TiLa2Se4,0.0
TiMg2Se4,0.5748628937331857
TiMn2Se4,0.08465447632051148
TiNb2Se4,0.0
TiNd2Se4,0.18194594177708634
TiNi2Se4,0.19103988959210927
TiOs2Se4,0.32992060753039976
TiP2Se4,0.0
TiPb2Se4,0.0913505853719414
TiPd2Se4,0.11578979122253408
TiPt2Se4,0.14517704513078034
TiRu2Se4,0.2682360134248887
TiSb2Se4,0.0
TiSm2Se4,0.18539348723340243
TiSr2Se4,6.778445635758166
TiTc2Se4,0.15935213835191764
TiTe2Se4,0.18344429437492327
TiTi2Se4,2.492609241329194
TiTl2Se4,0.10710093232325235
TiTm2Se4,5.546234039486496
TiV2Se4,0.22766378928618014
TiW2Se4,0.6346516789610286
TiYb2Se4,error
TiZn2Se4,1.6346866129124034
TlAu2Se4,0.15818063716702246
TlB2Se4,0.0
TlBi2Se4,0.036316078274669206
TlCo2Se4,0.10199917364994526
TlCr2Se4,0.053958559804942574
TlCu2Se4,0.12697318090899534
TlDy2Se4,0.02617079492939567
TlEr2Se4,5.069829448657744
TlEu2Se4,0.08776244858725235
TlFe2Se4,0.0
TlGa2Se4,0.0
TlGd2Se4,0.024133408089952013
TlIn2Se4,0.05937173958000974
TlIr2Se4,0.06106496982104481
TlLa2Se4,15.122038765004206
TlLu2Se4,0.01808452925728332
TlMn2Se4,0.0
TlMo2Se4,0.3930444744412007
TlNb2Se4,0.0
TlNi2Se4,0.11641487377476345
TlOs2Se4,0.02826652282528297
TlPb2Se4,0.07984804033493687
TlPt2Se4,0.051655209670681934
TlRh2Se4,0.02152374049396144
TlRu2Se4,0.1043919303787808
TlSi2Se4,0.0
TlSm2Se4,0.0
TlSr2Se4,0.0
TlTc2Se4,0.0
TlTe2Se4,0.07991877575631756
TlTi2Se4,0.0
TlTm2Se4,0.020898100509225692
TlV2Se4,0.1654858148950309
TlW2Se4,0.5221814196251024
TlYb2Se4,error
TmAg2Se4,0.0
TmAl2Se4,0.17695124509323534
TmAu2Se4,0.6413655661566073
TmCe2Se4,0.0
TmCo2Se4,0.33546060236954833
TmCr2Se4,0.20124106586672585
TmEr2Se4,0.05171899120014789
TmGa2Se4,0.30316855017287736
TmGd2Se4,0.07377115558118774
TmHo2Se4,0.060208772306172165
TmLa2Se4,0.11602412680350849
TmLu2Se4,0.029179551447364283
TmMn2Se4,0.1210848871598511
TmMo2Se4,0.49292467809597706
TmNb2Se4,3.3625273082137563
TmNd2Se4,0.10457471061513957
TmOs2Se4,0.39194279978128943
TmP2Se4,0.4835523182120163
TmPb2Se4,0.1810904902637409
TmPt2Se4,0.21090980098114187
TmRu2Se4,0.33715359714595383
TmSc2Se4,0.07530397499345742
TmSi2Se4,0.5359958684090591
TmSm2Se4,0.09503445171056146
TmSn2Se4,0.20360735483793935
TmSr2Se4,0.1594453465801431
TmTb2Se4,0.16419232779248016
TmTl2Se4,0.28103263562284386
TmV2Se4,0.2536150863093267
TmW2Se4,5.5770136944712885
TmYb2Se4,error
TmZn2Se4,0.31874359501883953
TmZr2Se4,0.2841327440477155
VAl2Se4,3.0646978619561858
VAu2Se4,0.21840715269195066
VB2Se4,0.0
VBe2Se4,0.4133597685815662
VBi2Se4,0.1262799286394749
VCa2Se4,0.11924708429579045
VCr2Se4,0.09153829175638606
VCu2Se4,0.2071140227951611
VDy2Se4,0.1480019199306586
VEr2Se4,5.225856649765838
VEu2Se4,0.1450159525692074
VGa2Se4,0.182619712742353
VGd2Se4,0.1465328161853332
VHg2Se4,0.13101764334631438
VHo2Se4,0.16015075580172855
VIn2Se4,0.11537768878498422
VLa2Se4,5.228531468470214
VLu2Se4,0.14313849413625057
VMg2Se4,3.918517303448491
VMn2Se4,0.06154130939422853
VMo2Se4,4.132308701315187
VNb2Se4,0.0
VNd2Se4,0.18295329380767988
VNi2Se4,0.13946286338653824
VOs2Se4,0.304353435671775
VPb2Se4,1.941316739932923
VPd2Se4,0.10903040942461484
VPt2Se4,0.14136252725347198
VRu2Se4,0.24034461128401308
VSi2Se4,2.850960217435184
VSm2Se4,0.17976790572480095
VSn2Se4,0.09895590828812484
VSr2Se4,8.35727839921503
VTa2Se4,0.401050394019661
VTb2Se4,0.1663137508269834
VTc2Se4,0.10739981036442803
VTe2Se4,0.08098758199043132
VTi2Se4,0.0
VTm2Se4,0.1558351176341155
VV2Se4,0.20795361575290183
VW2Se4,0.5374619313865567
VY2Se4,0.15740430118461468
VYb2Se4,error
VZn2Se4,3.2552765642133874
VZr2Se4,3.4665177096984965
WAg2Se4,0.0
WAu2Se4,0.6143735784710334
WB2Se4,0.0
WBa2Se4,0.20263279113875132
WBe2Se4,0.3173513908798977
WBi2Se4,0.27091901323577083
WCa2Se4,3.638694583071625
WCr2Se4,0.25538765708766764
WCs2Se4,6.701817418257841
WCu2Se4,0.21401751664790414
WEr2Se4,5.361834369953563
WEu2Se4,0.26023789321403523
WFe2Se4,1.2409470235498299
WGa2Se4,0.2940210127803988
WGd2Se4,0.4239160099778765
WH2Se4,0.6920381582908544
WHg2Se4,0.18988740313532126
WHo2Se4,4.567813308583137
WIn2Se4,0.2123847819279705
WIr2Se4,3.1035340416063972
WK2Se4,4.748551283525047
WLa2Se4,4.861788072241371
WLi2Se4,1.7225919277874562
WLu2Se4,0.4393041055757063
WMg2Se4,2.1217076384850855
WMn2Se4,0.20521666279643203
WMo2Se4,0.6636501987744641
WNa2Se4,2.1687682183942445
WNb2Se4,0.0
WNd2Se4,0.44686158789578023
WNi2Se4,2.7576251647303547
WOs2Se4,0.6118715091072051
WPb2Se4,0.0
WPd2Se4,3.096657978261447
WPr2Se4,0.4597031846016266
WPt2Se4,2.4535871151188773
WRb2Se4,5.702898159044054
WRu2Se4,0.17517315862267324
WSi2Se4,0.0
WSm2Se4,0.46180745114554433
WSr2Se4,6.218820631864771
WTa2Se4,5.071064383515873
WTb2Se4,5.659319124686904
WTc2Se4,0.3918891182327764
WTe2Se4,0.22260574022204782
WTm2Se4,0.4583549172445309
WV2Se4,0.3748946637665931
WW2Se4,0.759309284189567
WY2Se4,4.635228469146682
WZn2Se4,2.215664267714434
YAg2Se4,0.0
YAl2Se4,0.1730498179282005
YAs2Se4,0.0
YAu2Se4,0.0
YB2Se4,0.0
YBe2Se4,0.5236972735050944
YCa2Se4,0.17080195245185692
YCo2Se4,0.32896177861554854
YCr2Se4,0.18603945127477317
YCu2Se4,0.7571201727745906
YDy2Se4,13.43442082785473
YEr2Se4,0.03379438974107796
YGa2Se4,0.293666168061419
YGd2Se4,0.04067436176474537
YHg2Se4,0.30292362867759426
YLa2Se4,0.009397648777262013
YLu2Se4,0.020582811858560923
YMg2Se4,0.22691632744280366
YMn2Se4,0.1081672241048599
YMo2Se4,0.479995380970192
YNb2Se4,3.9188487779005645
YNd2Se4,0.06962818497796075
YOs2Se4,0.37171464229268114
YP2Se4,3.3333399606150333
YPb2Se4,0.1674207053308585
YPt2Se4,0.20045076018600483
YRu2Se4,0.32178770288851144
YSc2Se4,6.050260707739582
YSm2Se4,0.05985491341904936
YSn2Se4,0.18787900590766338
YSr2Se4,7.384178960903768
YTb2Se4,11.117245080936982
YTc2Se4,0.1367174119650656
YTe2Se4,0.29423598030943143
YTm2Se4,0.04849375320220872
YV2Se4,4.500467710820317
YY2Se4,5.9284498491952125
YZn2Se4,0.31319548575994727
YbAl2Se4,error
YbAu2Se4,error
YbB2Se4,error
YbBa2Se4,error
YbBe2Se4,error
YbCa2Se4,error
YbCe2Se4,error
YbCo2Se4,error
YbCr2Se4,error
YbEu2Se4,error
YbFe2Se4,error
YbGa2Se4,error
YbGd2Se4,error
YbHg2Se4,error
YbIr2Se4,error
YbLa2Se4,error
YbMg2Se4,error
YbMn2Se4,error
YbMo2Se4,error
YbNb2Se4,error
YbNd2Se4,error
YbNi2Se4,error
YbP2Se4,error
YbPb2Se4,error
YbPt2Se4,error
YbRh2Se4,error
YbRu2Se4,error
YbSb2Se4,error
YbSi2Se4,error
YbSm2Se4,error
YbSn2Se4,error
YbSr2Se4,error
YbTb2Se4,error
YbTl2Se4,error
YbTm2Se4,error
YbYb2Se4,error
YbZn2Se4,error
ZnAl2Se4,0.0
ZnAu2Se4,2.9977980236401387
ZnBa2Se4,0.271797240292452
ZnBe2Se4,0.35825598348187704
ZnBi2Se4,0.06700922528386188
ZnCa2Se4,4.205150419862448
ZnCd2Se4,0.9555495492102986
ZnCe2Se4,0.10850381853814017
ZnCo2Se4,0.04834683247564531
ZnCr2Se4,0.027529011369691325
ZnCu2Se4,0.15712226612146551
ZnEr2Se4,5.08560542384292
ZnEu2Se4,0.1573885045082335
ZnFe2Se4,0.7266901861925277
ZnGa2Se4,4.138889813897083
ZnGd2Se4,0.04527176582309522
ZnGe2Se4,1.9277364334809344
ZnHf2Se4,0.04872243416394895
ZnHg2Se4,0.289563024485445
ZnIn2Se4,0.0781494800277116
ZnIr2Se4,0.08328540504711412
ZnLa2Se4,7.072145725732816
ZnLu2Se4,0.030831898489175558
ZnMg2Se4,3.783629149562723
ZnMn2Se4,0.021739222575529737
ZnMo2Se4,0.2796455259342219
ZnNb2Se4,0.0
ZnNd2Se4,0.08172888630662367
ZnNi2Se4,0.08073813774776895
ZnOs2Se4,0.09131002433633917
ZnP2Se4,0.23997585680468125
ZnPb2Se4,0.0
ZnPd2Se4,2.6500713823148514
ZnPr2Se4,0.09303249175399841
ZnPt2Se4,0.8953488951463631
ZnRh2Se4,0.0
ZnRu2Se4,0.11542196133376059
ZnSi2Se4,1.8779488200108276
ZnSm2Se4,0.07671400985918542
ZnSr2Se4,7.325293554420506
ZnTa2Se4,0.17766848155441295
ZnTb2Se4,6.563076059234694
ZnTc2Se4,0.0
ZnTe2Se4,0.13867307407025153
ZnTi2Se4,0.2912146941553342
ZnTl2Se4,3.179785133159161
ZnTm2Se4,0.03867924290921909
ZnV2Se4,0.07058031777522
ZnW2Se4,0.36767327397285676
ZnYb2Se4,error
ZnZn2Se4,1.1835648145794553
ZnZr2Se4,0.050058327434421734
ZrAu2Se4,0.0
ZrBi2Se4,0.19752718462146124
ZrCa2Se4,4.021719358881337
ZrCo2Se4,3.511231464095356
ZrCr2Se4,0.1836333123569096
ZrDy2Se4,5.772862504662682
ZrEr2Se4,5.918330336320002
ZrEu2Se4,0.14822757698414257
ZrGa2Se4,0.26819660956375646
ZrGd2Se4,0.165577724426603
ZrHg2Se4,0.2463893707464071
ZrIn2Se4,0.1871476349222725
ZrIr2Se4,3.669253644287432
ZrLa2Se4,0.0
ZrLu2Se4,0.17569372085715074
ZrMg2Se4,3.0645181253345304
ZrMn2Se4,0.12805305331227235
ZrMo2Se4,4.220293489048922
ZrNb2Se4,0.0
ZrNd2Se4,0.19902205978011178
ZrNi2Se4,0.2745459773200638
ZrOs2Se4,0.4009248038725506
ZrPb2Se4,3.4659526783272803
ZrPt2Se4,0.21230453606144373
ZrRu2Se4,0.3254747214789866
ZrSb2Se4,1.2043325432626983
ZrSi2Se4,1.8298750239115358
ZrSm2Se4,0.2004556061400633
ZrSr2Se4,0.11592233501766014
ZrTc2Se4,0.23707553883958887
ZrTe2Se4,0.3069722877324743
ZrTl2Se4,0.0
ZrTm2Se4,0.19932325995956734
ZrV2Se4,0.2481520890117359
ZrW2Se4,0.7020692941164537
ZrYb2Se4,error
ZrZn2Se4,2.4975334445527837
